City,2017 Population,2017 Violent Crime,2016 Population,2016 Violent Crime,2015 Population,2015 Violent Crime,2014 Population,2014 Violent Crime,Crime Rate 2017,Crime Rate 2016,Crime Rate 2015,Crime Rate 2014
Akron,197412.0,1377.0,197257.0,1216.0,197587.0,1225.0,197891.0,1366.0,0.6975259862622333,0.6164546758796899,0.6199800594168645,0.6902789919703272
Albany,899.0,0.0,918.0,0.0,909.0,0.0,889.0,1.0,0.0,0.0,0.0,0.11248593925759282
Alliance,21838.0,75.0,43946.0,198.0,43968.0,262.0,44304.0,150.0,0.3434380437769027,0.4505529513493834,0.5958879184861717,0.33856988082340195
Amelia,4982.0,3.0,4957.0,0.0,4948.0,5.0,4919.0,3.0,0.06021678040947411,0.0,0.10105092966855296,0.06098800569221387
Amherst,12090.0,5.0,12156.0,7.0,12171.0,5.0,12133.0,3.0,0.0413564929693962,0.05758473181967752,0.04108125872976748,0.024725954009725545
Apple Creek,1188.0,2.0,1186.0,0.0,1182.0,0.0,1181.0,0.0,0.16835016835016833,0.0,0.0,0.0
Arcanum,0.0,0.0,0.0,0.0,0.0,0.0,2094.0,0.0,,,,0.0
Archbold,4338.0,2.0,4342.0,4.0,4345.0,3.0,0.0,0.0,0.04610419548178884,0.09212344541685859,0.06904487917146145,
Ashland,403232.0,480.0,397624.0,440.0,396528.0,240.0,397096.0,216.0,0.11903817157368463,0.1106573043880651,0.06052536012589275,0.05439490702500151
Ashtabula,49924.0,42.0,49784.0,54.0,50154.0,59.0,50631.0,37.0,0.08412787436904094,0.10846858428410734,0.1176376759580492,0.07307775868539038
Ashville,4211.0,3.0,4207.0,1.0,4160.0,3.0,4113.0,2.0,0.07124198527665639,0.023769907297361538,0.07211538461538462,0.04862630683199611
Athens,456288.0,432.0,452344.0,368.0,441920.0,304.0,441080.0,368.0,0.09467704607616242,0.08135401375943972,0.06879073135409124,0.08343157703817901
Aurora,15932.0,3.0,15897.0,11.0,15783.0,6.0,15586.0,9.0,0.01883002761737384,0.06919544568157514,0.038015586390420075,0.057744129346849735
Austintown,35303.0,62.0,35680.0,52.0,0.0,0.0,35997.0,64.0,0.1756224683454664,0.14573991031390135,,0.1777925938272634
Avon Lake,23839.0,8.0,23625.0,1.0,0.0,0.0,0.0,0.0,0.03355845463316414,0.004232804232804233,,
Baltimore,2973.0,0.0,2970.0,1.0,2961.0,2.0,2952.0,0.0,0.0,0.03367003367003367,0.06754474839581223,0.0
Barberton,26050.0,103.0,26172.0,75.0,26242.0,58.0,26286.0,68.0,0.3953934740882918,0.2865657955066483,0.221019739349135,0.25869284029521417
Barnesville,4096.0,0.0,4112.0,1.0,4127.0,5.0,4129.0,0.0,0.0,0.024319066147859923,0.12115338017930699,0.0
Batavia,1656.0,0.0,1654.0,6.0,1652.0,2.0,1644.0,2.0,0.0,0.36275695284159615,0.12106537530266344,0.12165450121654502
Bay Village,15327.0,2.0,15346.0,2.0,15387.0,7.0,15435.0,3.0,0.013048868010700073,0.013032712107389547,0.04549294859296809,0.019436345966958212
Beach City,989.0,0.0,1007.0,0.0,1008.0,0.0,1008.0,0.0,0.0,0.0,0.0,0.0
Beavercreek,46572.0,38.0,46490.0,32.0,46112.0,41.0,45835.0,25.0,0.08159409087005068,0.0688320068832007,0.08891394864677307,0.054543471146503764
Bedford,12641.0,25.0,12678.0,30.0,12744.0,26.0,12831.0,24.0,0.19776916383197532,0.236630383341221,0.20401757689893282,0.18704699555763385
Bellbrook,7159.0,5.0,7074.0,3.0,7052.0,1.0,7044.0,3.0,0.06984215672579969,0.04240882103477523,0.014180374361883154,0.04258943781942078
Bellefontaine,13144.0,14.0,13073.0,23.0,13124.0,30.0,13156.0,29.0,0.10651247717589775,0.17593513348122083,0.22858884486437062,0.2204317421708726
Bellevue,0.0,0.0,0.0,0.0,4449.0,1.0,4441.0,3.0,,,0.02247696111485727,0.06755235307363207
Bellville,1864.0,0.0,1863.0,1.0,1869.0,2.0,1880.0,1.0,0.0,0.05367686527106817,0.1070090957731407,0.05319148936170213
Belmont,29108.0,34.0,0.0,0.0,0.0,0.0,0.0,0.0,0.11680637625395081,,,
Belpre,6466.0,2.0,6484.0,11.0,6437.0,5.0,6429.0,5.0,0.03093102381688834,0.16964836520666254,0.07767593599502874,0.07777259293824856
Berea,18871.0,8.0,18805.0,11.0,18945.0,9.0,18981.0,19.0,0.042393089926342005,0.05849508109545333,0.047505938242280284,0.10010010010010009
Berlin Heights,713.0,0.0,0.0,0.0,0.0,0.0,698.0,0.0,0.0,,,0.0
Bethel,2791.0,3.0,2782.0,6.0,2778.0,8.0,2762.0,6.0,0.10748835542816196,0.2156721782890007,0.28797696184305255,0.2172338884866039
Bethesda,0.0,0.0,0.0,0.0,1251.0,0.0,1247.0,0.0,,,0.0,0.0
Beverly,0.0,0.0,0.0,0.0,1294.0,0.0,1295.0,2.0,,,0.0,0.15444015444015444
Bexley,13773.0,20.0,13775.0,26.0,13634.0,16.0,13543.0,15.0,0.14521164597400713,0.18874773139745915,0.11735367463693706,0.11075832533412094
Blanchester,4261.0,12.0,4249.0,6.0,4244.0,6.0,0.0,0.0,0.28162403191739027,0.14120969639915276,0.1413760603204524,
Blue Ash,12248.0,16.0,12169.0,11.0,12159.0,23.0,12146.0,8.0,0.13063357282821686,0.09039362314076753,0.18916029278723578,0.06586530545035403
Bluffton,4157.0,1.0,7906.0,2.0,7992.0,6.0,8120.0,8.0,0.024055809477988934,0.025297242600556536,0.07507507507507508,0.09852216748768472
Boardman,39276.0,61.0,39692.0,54.0,39887.0,67.0,40047.0,65.0,0.1553111314797841,0.13604756626020356,0.16797452804171784,0.1623092865882588
Bowling Green,31779.0,41.0,31404.0,42.0,31878.0,48.0,32145.0,38.0,0.12901601686648415,0.13374092472296523,0.1505740636175419,0.1182143412661378
Bradner,1024.0,1.0,1026.0,0.0,1018.0,0.0,1010.0,0.0,0.09765625,0.0,0.0,0.0
Brecksville,13432.0,2.0,13390.0,4.0,13426.0,6.0,13505.0,0.0,0.01488981536628946,0.02987303958177745,0.044689408610159395,0.0
Brewster,2154.0,0.0,2169.0,0.0,2171.0,1.0,2162.0,2.0,0.0,0.0,0.046061722708429294,0.09250693802035154
Broadview Heights,19228.0,1.0,19186.0,0.0,19224.0,11.0,19318.0,27.0,0.005200748907842729,0.0,0.057220141489804414,0.13976602132725954
Brookville,5896.0,6.0,5902.0,7.0,5895.0,3.0,0.0,0.0,0.10176390773405698,0.11860386309725517,0.05089058524173028,
Brunswick,34838.0,21.0,34774.0,25.0,34692.0,17.0,34620.0,19.0,0.060279005683449106,0.07189279346638293,0.049002651908220916,0.05488157134604275
Bryan,0.0,0.0,0.0,0.0,0.0,0.0,8529.0,0.0,,,,0.0
Burton,1460.0,0.0,1463.0,0.0,1466.0,2.0,1462.0,0.0,0.0,0.0,0.1364256480218281,0.0
Butler,0.0,0.0,0.0,0.0,0.0,0.0,917.0,1.0,,,,0.10905125408942204
Byesville,2372.0,0.0,2363.0,0.0,2391.0,0.0,2404.0,2.0,0.0,0.0,0.0,0.08319467554076539
Cambridge,10391.0,8.0,10341.0,14.0,10436.0,27.0,10476.0,50.0,0.0769897026272736,0.13538342520065758,0.25871981602146416,0.47728140511645667
Camden,1951.0,0.0,1955.0,0.0,1970.0,0.0,1977.0,1.0,0.0,0.0,0.0,0.05058168942842691
Canal Fulton,5428.0,2.0,5489.0,2.0,5497.0,5.0,5506.0,4.0,0.036845983787767135,0.036436509382401165,0.09095870474804438,0.0726480203414457
Canfield,7246.0,3.0,7323.0,1.0,8439.0,4.0,7386.0,2.0,0.04140215291195142,0.013655605626109518,0.04739898092191018,0.027078256160303276
Canton,71031.0,836.0,71652.0,677.0,72111.0,814.0,72391.0,730.0,1.1769509087581478,0.9448445263216658,1.1288152986368238,1.0084126479811026
Carroll,520.0,0.0,519.0,0.0,520.0,0.0,521.0,0.0,0.0,0.0,0.0,0.0
Celina,0.0,0.0,0.0,0.0,10366.0,15.0,10370.0,19.0,,,0.1447038394752074,0.18322082931533268
Centerville,23782.0,14.0,47702.0,26.0,47772.0,28.0,47894.0,46.0,0.05886805146749643,0.054505052199069225,0.05861173909402997,0.09604543366601245
Chardon,5199.0,10.0,5162.0,7.0,5195.0,4.0,5193.0,4.0,0.19234468166955185,0.13560635412630762,0.07699711260827719,0.0770267668014635
Chesterland,10355.0,0.0,10371.0,0.0,10393.0,1.0,10343.0,2.0,0.0,0.0,0.00962186086789185,0.019336749492410325
Chillicothe,21695.0,93.0,21692.0,94.0,21696.0,100.0,21896.0,81.0,0.4286702005070293,0.43333947999262395,0.4609144542772861,0.3699305809280234
Cincinnati,299116.0,2833.0,298880.0,2720.0,298478.0,2788.0,297671.0,2719.0,0.947124192620923,0.9100642398286938,0.9340721929254417,0.9134245526100964
Circleville,13972.0,57.0,13930.0,37.0,13482.0,39.0,13469.0,34.0,0.4079587746922416,0.2656137832017229,0.2892745883400089,0.25243150939193704
Clayton,26298.0,10.0,17346.0,8.0,26312.0,16.0,26418.0,14.0,0.038025705376834744,0.04612014297244321,0.060808756460930376,0.052994170641229466
Cleveland,385351.0,5999.0,386227.0,6299.0,387921.0,4506.0,388655.0,5205.0,1.5567625359736967,1.6309061769373971,1.1615767127843042,1.3392340250350567
Cleveland Heights,44525.0,131.0,44696.0,145.0,44942.0,84.0,45207.0,106.0,0.2942167321729366,0.32441381779130124,0.18690756975657516,0.23447696153250605
Cleves,3418.0,0.0,0.0,0.0,0.0,0.0,0.0,0.0,0.0,,,
Clyde,6191.0,4.0,6233.0,3.0,6290.0,3.0,6277.0,3.0,0.06460991762235503,0.048130916091769615,0.047694753577106515,0.04779353194201051
Coldwater,4519.0,3.0,4501.0,0.0,4459.0,0.0,4454.0,1.0,0.06638636866563398,0.0,0.0,0.022451728783116298
Columbiana,6233.0,3.0,11208.0,6.0,11290.0,6.0,11278.0,4.0,0.048130916091769615,0.05353319057815846,0.05314437555358724,0.03546728143287817
Columbus,872205.0,4478.0,2532618.0,13215.0,2489136.0,13974.0,2439315.0,13629.0,0.5134114113081214,0.5217920744462845,0.5613996181807663,0.5587224282226773
Columbus Grove,2077.0,0.0,2052.0,1.0,2071.0,2.0,2073.0,1.0,0.0,0.04873294346978557,0.09657170449058425,0.0482392667631452
Commercial Point,0.0,0.0,0.0,0.0,0.0,0.0,1577.0,2.0,,,,0.12682308180088775
Conneaut,0.0,0.0,0.0,0.0,12809.0,38.0,12889.0,54.0,,,0.2966664064329768,0.4189619055008147
Coolville,492.0,0.0,0.0,0.0,0.0,0.0,0.0,0.0,0.0,,,
Copley,17280.0,15.0,17653.0,5.0,0.0,0.0,0.0,0.0,0.08680555555555555,0.028323797654789554,,
Cortland,6844.0,1.0,6894.0,1.0,6931.0,3.0,6999.0,2.0,0.014611338398597311,0.01450536698578474,0.04328379743182802,0.028575510787255322
Coshocton,34357.0,37.0,34172.0,39.0,34154.0,35.0,34480.0,27.0,0.10769275547923277,0.11412852627882476,0.10247701586929789,0.0783062645011601
Covington,2637.0,3.0,2633.0,3.0,2624.0,1.0,2606.0,1.0,0.11376564277588168,0.11393847322445878,0.038109756097560975,0.03837298541826554
Craig Beach,1129.0,1.0,1137.0,0.0,0.0,0.0,0.0,0.0,0.08857395925597875,0.0,,
Creston,2188.0,1.0,0.0,0.0,4170.0,8.0,4150.0,10.0,0.04570383912248629,,0.19184652278177458,0.24096385542168677
Crooksville,2491.0,0.0,2491.0,0.0,2484.0,2.0,2514.0,2.0,0.0,0.0,0.08051529790660225,0.07955449482895784
Cuyahoga Falls,49145.0,49.0,49064.0,67.0,49124.0,50.0,49196.0,49.0,0.09970495472581137,0.13655633458340127,0.10178324240697012,0.099601593625498
Dayton,140171.0,1232.0,140260.0,1402.0,140683.0,1339.0,143217.0,1237.0,0.8789264541167574,0.9995722230144019,0.951785219251793,0.8637242785423518
De Graff,0.0,0.0,0.0,0.0,1264.0,0.0,1266.0,0.0,,,0.0,0.0
Deer Park,5665.0,6.0,5672.0,9.0,5696.0,11.0,5693.0,5.0,0.1059135039717564,0.15867418899858957,0.19311797752808987,0.08782715615668364
Defiance,34677.0,39.0,33394.0,50.0,33396.0,56.0,33544.0,62.0,0.11246647633878362,0.1497274959573576,0.1676847526649898,0.18483186262818985
Delphos,6979.0,6.0,7768.0,4.0,7812.0,2.0,7840.0,4.0,0.08597220232124946,0.051493305870236865,0.025601638504864313,0.05102040816326531
Delta,0.0,0.0,0.0,0.0,0.0,0.0,3088.0,0.0,,,,0.0
Dennison,2625.0,2.0,2638.0,2.0,2637.0,0.0,2642.0,0.0,0.0761904761904762,0.0758150113722517,0.0,0.0
Dresden,1707.0,0.0,1736.0,2.0,1733.0,0.0,0.0,0.0,0.0,0.1152073732718894,0.0,
Dublin,46286.0,31.0,116676.0,60.0,114222.0,63.0,112083.0,21.0,0.06697489521669618,0.051424457471973675,0.055155749330251615,0.0187361152003426
East Canton,1589.0,0.0,0.0,0.0,0.0,0.0,1594.0,0.0,0.0,,,0.0
East Cleveland,17178.0,136.0,0.0,0.0,0.0,0.0,0.0,0.0,0.7917103271626499,,,
East Palestine,4503.0,11.0,4548.0,6.0,4597.0,6.0,4601.0,6.0,0.24428159005107705,0.13192612137203166,0.13051990428540353,0.13040643338404695
Eastlake,18056.0,14.0,18166.0,10.0,18261.0,11.0,18381.0,14.0,0.07753655294638902,0.05504789166574921,0.06023766496905975,0.07616560578858604
Elida,1836.0,1.0,1852.0,0.0,1861.0,4.0,1866.0,0.0,0.054466230936819175,0.0,0.21493820526598603,0.0
Elyria,53586.0,191.0,53633.0,161.0,53843.0,8.0,0.0,0.0,0.35643638263725597,0.3001883168944493,0.014858013112196571,
Englewood,13504.0,19.0,0.0,0.0,13450.0,18.0,13466.0,25.0,0.14069905213270142,,0.13382899628252787,0.18565275508688547
Enon,2381.0,0.0,2389.0,0.0,2397.0,1.0,2414.0,0.0,0.0,0.0,0.041718815185648725,0.0
Euclid,47270.0,303.0,47416.0,275.0,47664.0,221.0,47969.0,12.0,0.6409985191453353,0.5799730048928632,0.4636623027861698,0.025016156267589486
Fairfield,118480.0,128.0,85620.0,220.0,85648.0,182.0,85308.0,196.0,0.10803511141120864,0.2569493109086662,0.21249766486082572,0.22975570872602805
Fairview Park,16307.0,18.0,16318.0,32.0,0.0,0.0,0.0,0.0,0.11038204452075795,0.1961024635371982,,
Fayette,15718.0,39.0,2532.0,12.0,2540.0,0.0,2540.0,0.0,0.2481231708868813,0.47393364928909953,0.0,0.0
Felicity,825.0,3.0,830.0,2.0,831.0,3.0,823.0,1.0,0.36363636363636365,0.24096385542168677,0.36101083032490977,0.12150668286755771
Findlay,41474.0,128.0,41156.0,53.0,41095.0,113.0,41613.0,80.0,0.30862709167189084,0.12877830692973077,0.27497262440686215,0.1922476149280273
Flushing,858.0,0.0,860.0,0.0,863.0,0.0,867.0,0.0,0.0,0.0,0.0,0.0
Forest Park,18665.0,50.0,18669.0,47.0,18726.0,57.0,18724.0,57.0,0.26788106080900076,0.25175424500508864,0.3043896187119513,0.304422132023072
Fort Loramie,1500.0,0.0,1493.0,0.0,1493.0,0.0,1501.0,0.0,0.0,0.0,0.0,0.0
Fort Recovery,1436.0,1.0,1430.0,1.0,1419.0,0.0,1416.0,1.0,0.06963788300835655,0.06993006993006994,0.0,0.07062146892655367
Fort Shawnee,12096.0,14.0,0.0,0.0,0.0,0.0,0.0,0.0,0.11574074074074073,,,
Fostoria,0.0,0.0,0.0,0.0,9184.0,9.0,0.0,0.0,,,0.09799651567944251,
Franklin,11779.0,31.0,11782.0,23.0,11818.0,24.0,0.0,0.0,0.2631802360132439,0.1952130368358513,0.2030800473853444,
Frazeysburg,1294.0,1.0,1321.0,1.0,1315.0,0.0,1313.0,1.0,0.07727975270479134,0.0757002271006813,0.0,0.07616146230007616
Fredericktown,2461.0,4.0,2486.0,6.0,2502.0,4.0,2478.0,2.0,0.16253555465258024,0.2413515687851971,0.15987210231814547,0.08071025020177562
Fremont,16241.0,31.0,16215.0,32.0,16380.0,46.0,16377.0,24.0,0.19087494612400716,0.19734813444341662,0.28083028083028083,0.14654698662758747
Gahanna,35243.0,25.0,34859.0,20.0,34508.0,23.0,34249.0,24.0,0.07093607241154272,0.05737399236925902,0.06665121131331865,0.07007503868726095
Garfield Heights,27846.0,0.0,27938.0,37.0,28088.0,138.0,28273.0,108.0,0.0,0.13243610852602192,0.4913130162346909,0.3819898843419517
Garrettsville,2321.0,0.0,2326.0,0.0,2327.0,1.0,0.0,0.0,0.0,0.0,0.04297378599054577,
Gates Mills,2232.0,2.0,0.0,0.0,2240.0,0.0,2248.0,0.0,0.08960573476702509,,0.0,0.0
Geneva,1199.0,7.0,1207.0,7.0,1212.0,4.0,1220.0,5.0,0.5838198498748958,0.579950289975145,0.33003300330033003,0.4098360655737705
Genoa,2276.0,1.0,2301.0,1.0,2318.0,0.0,2319.0,3.0,0.04393673110720562,0.0434593654932638,0.0,0.129366106080207
Georgetown,4356.0,10.0,0.0,0.0,4461.0,7.0,4485.0,5.0,0.2295684113865932,,0.15691548980049316,0.11148272017837235
Germantown,5477.0,4.0,5495.0,6.0,5496.0,2.0,5520.0,4.0,0.07303268212525106,0.1091901728844404,0.0363901018922853,0.07246376811594203
Glouster,1793.0,3.0,1798.0,3.0,1787.0,2.0,1775.0,2.0,0.16731734523145567,0.16685205784204674,0.11191941801902631,0.11267605633802817
Goshen,18932.0,10.0,31574.0,12.0,0.0,0.0,31252.0,22.0,0.05282062117050497,0.03800595426616837,,0.07039549468833994
Grafton,6182.0,1.0,6105.0,4.0,5981.0,6.0,5895.0,3.0,0.016175994823681657,0.06552006552006552,0.10031767262999498,0.05089058524173028
Grandview Heights,7831.0,0.0,7502.0,1.0,7438.0,9.0,7058.0,5.0,0.0,0.013329778725673154,0.12100026888948642,0.07084159818645508
Granville,5787.0,0.0,0.0,0.0,5736.0,3.0,0.0,0.0,0.0,,0.05230125523012552,
Greenfield,4582.0,13.0,4559.0,6.0,4559.0,10.0,4608.0,7.0,0.2837189000436491,0.13160780872998465,0.21934634788330776,0.15190972222222224
Greenhills,3584.0,1.0,3589.0,1.0,3592.0,2.0,3596.0,3.0,0.027901785714285712,0.02786291446085261,0.05567928730512249,0.08342602892102337
Grove City,40421.0,47.0,40161.0,43.0,39251.0,47.0,37945.0,38.0,0.11627619306795972,0.10706904708548094,0.11974217217395734,0.100144946633285
Groveport,5583.0,12.0,5813.0,5.0,5751.0,4.0,5700.0,6.0,0.21493820526598603,0.0860141063134354,0.06955312119631368,0.10526315789473684
Hamilton,62094.0,312.0,62423.0,320.0,62526.0,355.0,62240.0,105.0,0.5024640061841724,0.5126315620844881,0.5677638102549339,0.16870179948586117
Harrison,11246.0,6.0,10819.0,0.0,10618.0,2.0,10382.0,7.0,0.05335230304108127,0.0,0.018835938971557734,0.06742438836447698
Hartville,3030.0,2.0,2974.0,1.0,2968.0,1.0,2956.0,1.0,0.066006600660066,0.03362474781439139,0.03369272237196766,0.03382949932341001
Haskins,0.0,0.0,0.0,0.0,1232.0,1.0,1222.0,0.0,,,0.08116883116883117,0.0
Hebron,0.0,0.0,0.0,0.0,0.0,0.0,2365.0,0.0,,,,0.0
Hicksville,0.0,0.0,0.0,0.0,0.0,0.0,3452.0,0.0,,,,0.0
Hilliard,36144.0,17.0,34832.0,33.0,0.0,0.0,0.0,0.0,0.047034085878707395,0.09474046853468075,,
Hillsboro,6576.0,9.0,6547.0,8.0,6536.0,7.0,6598.0,7.0,0.13686131386861314,0.12219337100962271,0.10709914320685433,0.1060927553804183
Hinckley,7970.0,1.0,8041.0,6.0,7993.0,5.0,7873.0,4.0,0.012547051442910915,0.0746175848775028,0.06255473539346929,0.050806554045471866
Hiram,1164.0,3.0,1238.0,0.0,1275.0,0.0,1283.0,0.0,0.25773195876288657,0.0,0.0,0.0
Holland,1662.0,7.0,1698.0,6.0,1702.0,10.0,0.0,0.0,0.421179302045728,0.35335689045936397,0.5875440658049353,
Hubbard,7533.0,8.0,7609.0,10.0,7654.0,8.0,7724.0,9.0,0.10619938935351123,0.1314233144959916,0.10452051215050953,0.11651993785603315
Huber Heights,37996.0,77.0,0.0,0.0,0.0,0.0,0.0,0.0,0.20265291083271922,,,
Hudson,22248.0,12.0,22470.0,4.0,0.0,0.0,22526.0,4.0,0.05393743257820927,0.017801513128615932,,0.017757258279321675
Huron,6950.0,4.0,0.0,0.0,0.0,0.0,0.0,0.0,0.05755395683453237,,,
Jackson Center,0.0,0.0,0.0,0.0,1453.0,0.0,1468.0,2.0,,,0.0,0.13623978201634876
Jamestown,2036.0,3.0,2034.0,1.0,2019.0,5.0,2009.0,4.0,0.14734774066797643,0.049164208456243856,0.24764735017335313,0.1991040318566451
Johnstown,5025.0,2.0,0.0,0.0,4926.0,5.0,4876.0,3.0,0.03980099502487562,,0.10150223304912709,0.06152584085315833
Kent,30270.0,44.0,29995.0,67.0,29831.0,65.0,32582.0,76.0,0.14535844070036338,0.2233705617602934,0.2178941369716067,0.23325762691056412
Kettering,55152.0,70.0,109830.0,146.0,110212.0,142.0,110622.0,106.0,0.1269219611256165,0.1329327141946645,0.12884259427285594,0.09582180759704219
Kingsville,0.0,0.0,0.0,0.0,0.0,0.0,2870.0,0.0,,,,0.0
Lakewood,50151.0,74.0,50349.0,63.0,50653.0,19.0,50923.0,66.0,0.14755438575501983,0.1251266162187928,0.037510117860738754,0.1296074465369283
Lancaster,40026.0,127.0,39959.0,141.0,39793.0,99.0,39453.0,109.0,0.31729375905661317,0.3528616832253059,0.2487874751840776,0.2762781030593364
Laurelville,507.0,1.0,0.0,0.0,0.0,0.0,520.0,0.0,0.19723865877712032,,,0.0
Lebanon,20741.0,4.0,0.0,0.0,20515.0,11.0,0.0,0.0,0.01928547321729907,,0.05361930294906167,
Leesburg,1295.0,1.0,1289.0,0.0,1292.0,2.0,1305.0,0.0,0.07722007722007722,0.0,0.15479876160990713,0.0
Leipsic,2022.0,1.0,2021.0,1.0,2038.0,0.0,2035.0,0.0,0.04945598417408506,0.04948045522018803,0.0,0.0
Lexington,4686.0,0.0,4715.0,0.0,0.0,0.0,0.0,0.0,0.0,0.0,,
Lima,37220.0,275.0,37715.0,356.0,38154.0,347.0,38265.0,353.0,0.738850080601827,0.9439215166379424,0.9094721392252451,0.9225140467790408
Lisbon,2680.0,1.0,2709.0,0.0,2737.0,7.0,2755.0,6.0,0.0373134328358209,0.0,0.2557544757033248,0.21778584392014522
Lithopolis,1490.0,0.0,2700.0,0.0,2574.0,0.0,2412.0,0.0,0.0,0.0,0.0,0.0
Lodi,0.0,0.0,0.0,0.0,2799.0,4.0,2789.0,11.0,,,0.1429081814933905,0.39440659734671923
Logan,7077.0,18.0,7106.0,15.0,7150.0,12.0,7139.0,21.0,0.2543450614667232,0.21108922037714606,0.16783216783216784,0.2941588457767194
London,10202.0,14.0,10092.0,7.0,10094.0,20.0,9996.0,14.0,0.13722799451088022,0.06936187078874356,0.19813750743015654,0.1400560224089636
Lorain,63672.0,373.0,63561.0,127.0,63700.0,171.0,63619.0,244.0,0.5858148008543786,0.19980805840059154,0.2684458398744113,0.3835332212075009
Lordstown,3242.0,3.0,3278.0,1.0,0.0,0.0,0.0,0.0,0.09253547193090685,0.03050640634533252,,
Loudinville,0.0,0.0,0.0,0.0,2560.0,10.0,2559.0,9.0,,,0.390625,0.3516998827667058
Loudonville,2642.0,3.0,5122.0,28.0,0.0,0.0,0.0,0.0,0.11355034065102196,0.5466614603670441,,
Louisville,9373.0,2.0,9115.0,14.0,9139.0,14.0,9150.0,12.0,0.02133788541555532,0.15359297860669227,0.15318962687383741,0.13114754098360656
Loveland,12846.0,12.0,6108.0,0.0,6006.0,0.0,5943.0,3.0,0.09341429238673517,0.0,0.0,0.05047955577990913
Luckey,0.0,0.0,0.0,0.0,0.0,0.0,1042.0,0.0,,,,0.0
Lynchburg,1482.0,0.0,2964.0,8.0,2958.0,0.0,2980.0,6.0,0.0,0.2699055330634278,0.0,0.20134228187919465
Lyndhurst,13586.0,18.0,13624.0,14.0,13672.0,9.0,13744.0,6.0,0.1324893272486383,0.10275983558426305,0.06582796957284962,0.043655413271245634
Macedonia,12027.0,5.0,11794.0,8.0,11687.0,2.0,0.0,0.0,0.041573127130622764,0.06783110055960659,0.017113031573543252,
Madeira,0.0,0.0,0.0,0.0,0.0,0.0,8905.0,0.0,,,,0.0
Madison,34041.0,23.0,0.0,0.0,0.0,0.0,0.0,0.0,0.06756558267970976,,,
Magnolia,972.0,1.0,1428.0,2.0,1428.0,6.0,1426.0,4.0,0.102880658436214,0.1400560224089636,0.42016806722689076,0.2805049088359046
Maineville,1070.0,0.0,992.0,0.0,983.0,0.0,1024.0,0.0,0.0,0.0,0.0,0.0
Mansfield,46507.0,248.0,46656.0,209.0,46605.0,236.0,46145.0,215.0,0.5332530586793386,0.44795953360768176,0.5063834352537281,0.46592263517174126
Marblehead,0.0,0.0,0.0,0.0,892.0,2.0,889.0,2.0,,,0.2242152466367713,0.22497187851518563
Marietta,13582.0,23.0,13867.0,8.0,13927.0,13.0,14051.0,10.0,0.16934177587984098,0.05769092089132473,0.09334386443598765,0.07116931179275497
Marshallville,761.0,1.0,0.0,0.0,760.0,0.0,759.0,0.0,0.1314060446780552,,0.0,0.0
Martins Ferry,6731.0,13.0,6761.0,12.0,6791.0,9.0,6815.0,17.0,0.19313623532907442,0.17748853719863925,0.13252834634074512,0.2494497432134996
Marysville,23622.0,17.0,22952.0,7.0,22851.0,12.0,22460.0,11.0,0.07196681060028787,0.03049843150923667,0.05251411316791388,0.04897595725734639
Mason,33406.0,12.0,33026.0,6.0,31793.0,13.0,31416.0,11.0,0.03592169071424295,0.01816750439048023,0.040889503978863276,0.0350140056022409
Massillon,32265.0,52.0,0.0,0.0,32301.0,85.0,32196.0,86.0,0.1611653494498683,,0.26314974768583016,0.26711392719592497
Maumee,13809.0,5.0,13875.0,15.0,13978.0,14.0,14062.0,18.0,0.03620826996886089,0.10810810810810811,0.10015739018457576,0.12800455127293414
McComb,1655.0,0.0,0.0,0.0,0.0,0.0,1657.0,0.0,0.0,,,0.0
Medina,26199.0,17.0,26280.0,13.0,26496.0,29.0,26551.0,21.0,0.0648879728233902,0.04946727549467276,0.10945048309178745,0.07909306617453203
Mentor,46663.0,72.0,46852.0,51.0,46802.0,59.0,46937.0,3.0,0.15429783768724686,0.10885341074020319,0.12606298876116406,0.00639154611500522
Miamisburg,19928.0,14.0,20000.0,20.0,20064.0,18.0,20109.0,34.0,0.0702529104777198,0.1,0.08971291866028708,0.16907852205480134
Middlefield,2715.0,1.0,2694.0,0.0,2711.0,3.0,2715.0,0.0,0.036832412523020254,0.0,0.11066027296200663,0.0
Middletown,48828.0,249.0,92134.0,484.0,92204.0,442.0,91754.0,584.0,0.509953305480462,0.5253218138797838,0.47937182768643444,0.6364845129367658
Milan,1339.0,1.0,1968.0,2.0,1968.0,2.0,1972.0,0.0,0.07468259895444362,0.10162601626016261,0.10162601626016261,0.0
Milford,6939.0,14.0,13762.0,18.0,13820.0,12.0,13294.0,30.0,0.2017581784118749,0.13079494259555297,0.08683068017366136,0.22566571385587483
Millersport,1050.0,0.0,0.0,0.0,1049.0,0.0,1046.0,1.0,0.0,,0.0,0.09560229445506692
Minerva,3662.0,2.0,5832.0,9.0,5838.0,3.0,5823.0,3.0,0.05461496450027307,0.15432098765432098,0.051387461459403906,0.05151983513652757
Minster,2866.0,0.0,2853.0,0.0,2836.0,1.0,2835.0,1.0,0.0,0.0,0.03526093088857546,0.035273368606701945
Mogadore,3829.0,0.0,2060.0,0.0,2046.0,2.0,2014.0,2.0,0.0,0.0,0.09775171065493646,0.09930486593843098
Monroe,0.0,0.0,0.0,0.0,15669.0,15.0,15368.0,53.0,,,0.09573042312847023,0.34487246225923995
Montgomery,10638.0,4.0,10558.0,4.0,10488.0,10.0,10395.0,3.0,0.037601052829479224,0.03788596325061565,0.09534706331045004,0.02886002886002886
Montpelier,3976.0,27.0,3980.0,14.0,4010.0,12.0,4048.0,9.0,0.6790744466800805,0.35175879396984927,0.29925187032418954,0.2223320158102767
Moraine,6360.0,27.0,0.0,0.0,6378.0,35.0,6331.0,20.0,0.42452830188679247,,0.5487613671997491,0.315905860053704
Mount Orab,3525.0,4.0,0.0,0.0,3649.0,4.0,3668.0,7.0,0.11347517730496454,,0.10961907371882709,0.19083969465648853
Mount Vernon,16553.0,22.0,16685.0,17.0,16727.0,37.0,16740.0,32.0,0.13290642179665318,0.10188792328438717,0.2211992586835655,0.19115890083632017
Munroe Falls,5051.0,1.0,5012.0,2.0,5015.0,3.0,5027.0,0.0,0.019798059790140567,0.03990422984836393,0.05982053838484546,0.0
Navarre,1901.0,1.0,1916.0,0.0,1925.0,2.0,1937.0,2.0,0.052603892688058915,0.0,0.1038961038961039,0.10325245224574084
Nelsonville,5284.0,13.0,5159.0,11.0,5170.0,11.0,5348.0,8.0,0.24602573807721426,0.21321961620469082,0.2127659574468085,0.14958863126402394
New Albany,10838.0,4.0,20420.0,10.0,19062.0,10.0,18104.0,6.0,0.036907178446207785,0.04897159647404505,0.052460392403735186,0.03314184710561202
New Bremen,2966.0,0.0,2961.0,0.0,2967.0,1.0,2984.0,1.0,0.0,0.0,0.03370407819346141,0.03351206434316354
New Concord,2337.0,0.0,2317.0,0.0,2299.0,0.0,1567.0,0.0,0.0,0.0,0.0,0.0
New Franklin,0.0,0.0,0.0,0.0,14309.0,12.0,14328.0,4.0,,,0.08386330281640926,0.02791736460078169
New Knoxville,864.0,0.0,865.0,0.0,868.0,0.0,873.0,0.0,0.0,0.0,0.0,0.0
New Lebanon,3966.0,10.0,0.0,0.0,3986.0,6.0,3987.0,3.0,0.2521432173474533,,0.15052684395383845,0.07524454477050413
New Lexington,4716.0,11.0,4721.0,12.0,4708.0,13.0,4753.0,20.0,0.23324851569126379,0.25418343571277274,0.27612574341546303,0.4207868714496108
New Middletown,1553.0,0.0,0.0,0.0,0.0,0.0,1584.0,2.0,0.0,,,0.12626262626262627
New Richmond,2663.0,6.0,2651.0,12.0,2641.0,6.0,2618.0,2.0,0.22530980097634246,0.4526593738211996,0.2271866717152594,0.07639419404125286
New Vienna,1201.0,0.0,1199.0,0.0,1202.0,1.0,1207.0,2.0,0.0,0.0,0.08319467554076539,0.16570008285004142
New Waterford,1183.0,0.0,1195.0,0.0,1203.0,0.0,1207.0,0.0,0.0,0.0,0.0,0.0
Newton Falls,4567.0,10.0,4628.0,9.0,0.0,0.0,4701.0,9.0,0.21896211955331726,0.19446845289541917,,0.1914486279514997
Niles,18334.0,55.0,18538.0,53.0,18667.0,59.0,18848.0,64.0,0.29998909130577067,0.2858992340058259,0.3160657845395618,0.3395585738539898
North Baltimore,3546.0,10.0,3568.0,9.0,3547.0,3.0,3510.0,1.0,0.2820078962210942,0.2522421524663677,0.08457851705666761,0.028490028490028487
North Canton,17348.0,12.0,17435.0,9.0,17496.0,20.0,17503.0,14.0,0.06917223887479824,0.051620303986234586,0.11431184270690445,0.07998628806490315
North Jackson,46300.0,61.0,0.0,0.0,6159.0,3.0,0.0,0.0,0.13174946004319654,,0.04870920603994155,
North Lawrence,8273.0,9.0,0.0,0.0,0.0,0.0,0.0,0.0,0.10878762238607517,,,
North Olmsted,31779.0,26.0,31851.0,26.0,31999.0,4.0,0.0,0.0,0.08181503508606312,0.081630090107061,0.012500390637207412,
North Ridgeville,33586.0,17.0,33095.0,12.0,32469.0,11.0,31706.0,11.0,0.05061632823200143,0.03625925366369542,0.033878468693215064,0.03469374881725856
North Royalton,30313.0,7.0,0.0,0.0,0.0,0.0,0.0,0.0,0.02309240259954475,,,
Northfield,3669.0,5.0,3630.0,2.0,3636.0,2.0,3653.0,8.0,0.1362769146906514,0.055096418732782364,0.055005500550055,0.21899808376676702
Northwood,5423.0,19.0,5376.0,6.0,5371.0,10.0,5364.0,16.0,0.3503595795685045,0.11160714285714285,0.1861850679575498,0.2982848620432513
Norwood,19994.0,68.0,20065.0,52.0,19460.0,88.0,19027.0,74.0,0.34010203060918276,0.2591577373536008,0.4522096608427543,0.38892100699006676
Oak Harbor,2731.0,1.0,2705.0,1.0,2728.0,3.0,2738.0,5.0,0.03661662394727206,0.03696857670979667,0.10997067448680353,0.18261504747991236
Oakwood,0.0,0.0,0.0,0.0,0.0,0.0,594.0,0.0,,,,0.0
Oberlin,8321.0,13.0,8342.0,38.0,8215.0,18.0,8389.0,12.0,0.15623122220886915,0.4555262526971949,0.21911138161898966,0.1430444629872452
Olmsted Falls,8898.0,3.0,8859.0,3.0,8851.0,3.0,8901.0,3.0,0.033715441672285906,0.033863867253640365,0.03389447520054231,0.03370407819346141
Oregon,19991.0,36.0,20055.0,37.0,20160.0,35.0,20207.0,27.0,0.18008103646640988,0.18449264522562953,0.1736111111111111,0.1336170633938734
Orrville,8527.0,15.0,8514.0,16.0,8475.0,5.0,8445.0,6.0,0.17591180954614755,0.18792576932111815,0.058997050147492625,0.07104795737122557
Ottawa,4394.0,6.0,4385.0,3.0,4410.0,3.0,4391.0,1.0,0.13654984069185253,0.06841505131128849,0.06802721088435373,0.02277385561375541
Oxford,24640.0,20.0,44394.0,46.0,43632.0,140.0,42852.0,114.0,0.08116883116883117,0.10361760598279048,0.32086541987532086,0.2660319238308597
Painesville,19719.0,11.0,19827.0,8.0,19913.0,17.0,20026.0,50.0,0.055783761854049395,0.04034901901447521,0.08537136543966253,0.24967542195146308
Pandora,1146.0,0.0,1146.0,0.0,1151.0,0.0,1143.0,0.0,0.0,0.0,0.0,0.0
Parma,79340.0,141.0,79576.0,108.0,79655.0,79.0,80168.0,68.0,0.1777161583060247,0.13571931235548407,0.09917770384784381,0.08482187406446463
Parma Heights,20094.0,1.0,0.0,0.0,20241.0,4.0,20374.0,15.0,0.004976609933313427,,0.01976186947285213,0.07362324531265338
Paulding,0.0,0.0,0.0,0.0,13275.0,17.0,3530.0,0.0,,,0.128060263653484,0.0
Pemberville,1425.0,0.0,1433.0,1.0,1424.0,0.0,1410.0,0.0,0.0,0.06978367062107467,0.0,0.0
Peninsula,563.0,0.0,572.0,1.0,570.0,0.0,563.0,0.0,0.0,0.17482517482517482,0.0,0.0
Perrysburg,21732.0,7.0,21548.0,8.0,21511.0,8.0,21518.0,4.0,0.03221056506534143,0.03712641544458883,0.037190274743154665,0.018589088205223533
Pickerington,20373.0,38.0,39928.0,32.0,0.0,0.0,0.0,0.0,0.18652137633141905,0.08014425966740132,,
Pioneer,1412.0,3.0,1406.0,2.0,1415.0,1.0,1373.0,2.0,0.2124645892351275,0.1422475106685633,0.0706713780918728,0.14566642388929352
Piqua,20973.0,54.0,20845.0,39.0,20821.0,52.0,20746.0,35.0,0.25747389500786727,0.18709522667306308,0.24974785072763078,0.16870722066904464
Plain City,0.0,0.0,0.0,0.0,829.0,0.0,829.0,0.0,,,0.0,0.0
Plymouth,0.0,0.0,0.0,0.0,918.0,3.0,919.0,0.0,,,0.32679738562091504,0.0
Port Clinton,5928.0,21.0,5939.0,13.0,5998.0,20.0,6029.0,22.0,0.354251012145749,0.2188920693719481,0.33344448149383127,0.36490296898324764
Powell,13029.0,6.0,13273.0,0.0,12759.0,6.0,12410.0,2.0,0.046051116739580934,0.0,0.04702562896778745,0.016116035455278004
Powhatan Point,1562.0,0.0,1569.0,1.0,0.0,0.0,1577.0,3.0,0.0,0.06373486297004462,,0.19023462270133165
Put in Bay,135.0,0.0,136.0,3.0,0.0,0.0,0.0,0.0,0.0,2.2058823529411766,,
Reading,10307.0,28.0,0.0,0.0,0.0,0.0,0.0,0.0,0.2716600368681479,,,
Reynoldsburg,37704.0,99.0,82422.0,183.0,81252.0,18.0,80667.0,126.0,0.26257161043921073,0.22202809929387785,0.022153300841825433,0.15619770166238983
Richmond Heights,10432.0,19.0,10445.0,27.0,10481.0,14.0,10492.0,14.0,0.18213190184049077,0.2584968884633796,0.1335750405495659,0.13343499809378576
Richwood,0.0,0.0,0.0,0.0,2256.0,0.0,2235.0,1.0,,,0.0,0.0447427293064877
Ripley,1707.0,2.0,0.0,0.0,1728.0,0.0,0.0,0.0,0.11716461628588166,,0.0,
Rittman,6610.0,9.0,12968.0,8.0,12908.0,8.0,12874.0,4.0,0.1361573373676248,0.061690314620604564,0.061977068484660676,0.031070374398011493
Roaming Shores,1466.0,0.0,1471.0,0.0,1476.0,1.0,1486.0,1.0,0.0,0.0,0.06775067750677506,0.06729475100942127
Rockford,1099.0,0.0,1105.0,2.0,1106.0,0.0,1113.0,0.0,0.0,0.18099547511312217,0.0,0.0
Rocky River,20342.0,7.0,20400.0,7.0,0.0,0.0,0.0,0.0,0.034411562284927734,0.03431372549019608,,
Roseville,1846.0,4.0,1510.0,6.0,1500.0,4.0,1494.0,2.0,0.21668472372697722,0.3973509933774834,0.26666666666666666,0.13386880856760375
Rossford,0.0,0.0,0.0,0.0,6540.0,0.0,6539.0,2.0,,,0.0,0.03058571647040832
Russells Point,1367.0,4.0,1355.0,0.0,1361.0,1.0,1363.0,1.0,0.2926115581565472,0.0,0.07347538574577515,0.07336757153338225
Sabina,2534.0,3.0,2530.0,2.0,2537.0,2.0,2548.0,4.0,0.11838989739542227,0.07905138339920949,0.07883326763894363,0.15698587127158556
Saint Clairsville,5096.0,1.0,5090.0,4.0,0.0,0.0,5124.0,1.0,0.019623233908948195,0.07858546168958742,,0.0195160031225605
Saint Henry,2527.0,1.0,0.0,0.0,2503.0,0.0,2496.0,1.0,0.03957261574990107,,0.0,0.04006410256410256
Saint Louisville,0.0,0.0,0.0,0.0,375.0,0.0,365.0,0.0,,,0.0,0.0
Saint Marys,8215.0,3.0,8256.0,5.0,8243.0,4.0,0.0,0.0,0.03651856360316494,0.060562015503875966,0.04852602207934004,
Salem,11887.0,21.0,23878.0,18.0,24058.0,34.0,24162.0,22.0,0.17666358206444016,0.0753831979227741,0.1413251309335772,0.09105206522638855
Sandusky,24861.0,70.0,25078.0,45.0,25213.0,55.0,25236.0,73.0,0.28156550420337073,0.17944014674216446,0.21814143497402133,0.289269297828499
Sardinia,0.0,0.0,0.0,0.0,0.0,0.0,964.0,0.0,,,,0.0
Senecaville,448.0,0.0,443.0,0.0,0.0,0.0,0.0,0.0,0.0,0.0,,
Seven Hills,11668.0,3.0,11661.0,4.0,11678.0,4.0,11713.0,6.0,0.025711347274597188,0.03430237543949919,0.03425244048638465,0.05122513446597797
Seville,0.0,0.0,0.0,0.0,0.0,0.0,2358.0,0.0,,,,0.0
Shaker Heights,0.0,0.0,0.0,0.0,27641.0,11.0,27821.0,9.0,,,0.03979595528381752,0.03234966392293591
Sheffield Lake,8983.0,7.0,0.0,0.0,9039.0,2.0,9051.0,6.0,0.07792496938661916,,0.02212634140944795,0.06629101756711965
Shelby,8987.0,11.0,0.0,0.0,9038.0,3.0,9089.0,4.0,0.12239902080783352,,0.03319318433281699,0.04400924194080757
Sidney,20466.0,42.0,20797.0,45.0,20836.0,39.0,20961.0,37.0,0.20521841102316035,0.21637736211953645,0.18717604146669226,0.17651829588283
Smithville,1277.0,1.0,1273.0,3.0,1266.0,2.0,1261.0,0.0,0.07830853563038372,0.2356637863315004,0.1579778830963665,0.0
Solon,23023.0,13.0,22971.0,11.0,23014.0,13.0,23113.0,8.0,0.0564652738565782,0.047886465543511385,0.0564873555227253,0.034612555704581834
Somerset,1460.0,0.0,1461.0,0.0,1457.0,0.0,1470.0,0.0,0.0,0.0,0.0,0.0
South Charleston,1640.0,2.0,1655.0,2.0,1662.0,3.0,1667.0,0.0,0.12195121951219512,0.12084592145015105,0.18050541516245489,0.0
South Euclid,21628.0,33.0,21686.0,35.0,21772.0,37.0,21895.0,22.0,0.15257998890327354,0.16139444803098774,0.16994304611427521,0.10047956154373146
South Vienna,375.0,0.0,378.0,1.0,379.0,1.0,382.0,0.0,0.0,0.26455026455026454,0.2638522427440633,0.0
Spencer,777.0,2.0,766.0,0.0,771.0,4.0,770.0,0.0,0.2574002574002574,0.0,0.5188067444876783,0.0
Spencerville,2184.0,0.0,2195.0,1.0,2208.0,3.0,2207.0,3.0,0.0,0.04555808656036447,0.1358695652173913,0.1359311282283643
Springboro,18632.0,10.0,34238.0,22.0,33866.0,24.0,33444.0,24.0,0.053671103477887505,0.06425608972486711,0.0708675367625347,0.07176175098672408
Springdale,11203.0,0.0,11175.0,7.0,11211.0,34.0,11216.0,55.0,0.0,0.06263982102908278,0.3032735706003033,0.4903708987161198
Springfield,58843.0,370.0,59503.0,411.0,59804.0,355.0,58891.0,442.0,0.6287918698910661,0.6907214762280893,0.5936057788776671,0.7505391316160364
Steubenville,17979.0,49.0,18137.0,60.0,0.0,0.0,0.0,0.0,0.2725401857722899,0.33081546010916907,,
Stow,34692.0,32.0,0.0,0.0,34762.0,23.0,34755.0,24.0,0.09224028594488642,,0.06616420228985674,0.06905481225722918
Streetsboro,16308.0,11.0,16364.0,6.0,16286.0,12.0,16152.0,11.0,0.06745155751778267,0.036665851869958445,0.07368291784354661,0.06810302129767211
Strongsville,44758.0,18.0,44626.0,19.0,44638.0,35.0,44731.0,41.0,0.040216274185620446,0.04257607672657196,0.07840853084815629,0.09165902841429881
Struthers,10228.0,15.0,10314.0,27.0,10380.0,22.0,10451.0,31.0,0.14665623777864686,0.2617801047120419,0.2119460500963391,0.2966223327911205
Sugar Grove,433.0,0.0,0.0,0.0,0.0,0.0,0.0,0.0,0.0,,,
Swanton,3913.0,5.0,7508.0,6.0,7526.0,8.0,7194.0,0.0,0.1277791975466394,0.07991475759190196,0.10629816635663034,0.0
Tallmadge,17529.0,18.0,34426.0,46.0,34460.0,34.0,34508.0,46.0,0.10268697586856067,0.1336199384186371,0.09866511897852583,0.1333024226266373
Thornville,997.0,0.0,997.0,0.0,992.0,1.0,991.0,2.0,0.0,0.0,0.10080645161290322,0.20181634712411706
Tiffin,17481.0,18.0,17637.0,13.0,17690.0,19.0,17806.0,16.0,0.10296893770379267,0.073708680614617,0.10740531373657433,0.08985735145456587
Tipp City,9957.0,4.0,9941.0,7.0,9900.0,8.0,9839.0,5.0,0.04017274279401426,0.07041545116185494,0.0808080808080808,0.05081817257851408
Toledo,277116.0,2829.0,278366.0,3319.0,279552.0,3156.0,281150.0,3068.0,1.0208721257523925,1.1923151534310943,1.1289491758241759,1.091232438200249
Trotwood,24308.0,69.0,24024.0,90.0,24100.0,84.0,24193.0,98.0,0.2838571663649827,0.37462537462537465,0.34854771784232363,0.4050758483858967
Troy,25865.0,38.0,25745.0,22.0,25649.0,61.0,25500.0,41.0,0.14691668277595205,0.08545348611380851,0.23782603610277203,0.1607843137254902
Twinsburg,18891.0,18.0,18888.0,20.0,18849.0,22.0,18882.0,5.0,0.09528346831824679,0.10588733587462938,0.11671706721842008,0.02648024573668044
Union City,0.0,0.0,0.0,0.0,1635.0,0.0,1647.0,0.0,,,0.0,0.0
Uniontown,0.0,0.0,0.0,0.0,3327.0,2.0,3322.0,4.0,,,0.06011421701232341,0.12040939193257075
Upper Arlington,35214.0,12.0,35150.0,16.0,34838.0,10.0,34600.0,4.0,0.03407735559720566,0.04551920341394026,0.02870428842069005,0.011560693641618497
Van Wert,10713.0,22.0,10794.0,29.0,10755.0,31.0,10763.0,31.0,0.2053579762904882,0.26866777839540484,0.2882380288238029,0.28802378519000277
Vandalia,15022.0,26.0,15073.0,14.0,15106.0,26.0,15151.0,19.0,0.173079483424311,0.09288131095336032,0.17211703958691912,0.12540426374496733
Vermilion,10381.0,3.0,11566.0,4.0,11616.0,6.0,11608.0,12.0,0.02889895000481649,0.03458412588621823,0.05165289256198347,0.10337698139214334
Vienna Center,0.0,0.0,0.0,0.0,3844.0,1.0,0.0,0.0,,,0.026014568158168577,
Wadsworth,23388.0,24.0,21910.0,24.0,21966.0,17.0,21894.0,11.0,0.1026167265264238,0.10953902327704243,0.07739233360648275,0.05024207545446241
Walbridge,0.0,0.0,0.0,0.0,3110.0,3.0,3068.0,3.0,,,0.09646302250803858,0.09778357235984356
Wapakoneta,9809.0,14.0,9815.0,10.0,9807.0,9.0,9822.0,7.0,0.14272606789682946,0.10188487009679062,0.09177118384827164,0.07126858073712075
Warren,39643.0,227.0,40005.0,228.0,40425.0,228.0,40592.0,182.0,0.5726105491511743,0.5699287589051368,0.5640074211502784,0.44836420969649193
Washington Court House,14136.0,41.0,13986.0,37.0,14060.0,42.0,14072.0,31.0,0.29003961516694965,0.26455026455026454,0.29871977240398295,0.22029562251279136
Waterville,5518.0,1.0,5511.0,2.0,5515.0,0.0,5506.0,3.0,0.01812250815512867,0.03629105425512611,0.0,0.05448601525608428
Wauseon,7407.0,10.0,7311.0,7.0,7316.0,10.0,7292.0,13.0,0.13500742540839747,0.09574613595951306,0.1366867140513942,0.17827756445419637
Wayne,927.0,0.0,900.0,0.0,901.0,0.0,0.0,0.0,0.0,0.0,0.0,
Waynesburg,0.0,0.0,0.0,0.0,925.0,0.0,922.0,0.0,,,0.0,0.0
Wellsville,3347.0,0.0,0.0,0.0,3423.0,0.0,3439.0,0.0,0.0,,0.0,0.0
West Alexandria,1339.0,1.0,1334.0,1.0,1341.0,3.0,1350.0,0.0,0.07468259895444362,0.07496251874062969,0.22371364653243847,0.0
West Carrollton,12898.0,23.0,0.0,0.0,12983.0,38.0,13028.0,27.0,0.17832222049930221,,0.292690441346376,0.20724593183911577
West Chester,61386.0,64.0,61080.0,43.0,60365.0,76.0,59629.0,56.0,0.10425829993809664,0.07039947609692207,0.12590077031392363,0.09391403511714098
West Jefferson,4347.0,2.0,4291.0,3.0,4284.0,2.0,4239.0,1.0,0.04600874166091557,0.06991377301328362,0.04668534080298786,0.02359046945034206
West Lafayette,2287.0,3.0,2279.0,3.0,2277.0,3.0,2295.0,7.0,0.13117621337997376,0.13163668275559456,0.13175230566534915,0.30501089324618735
West Liberty,1785.0,1.0,1769.0,3.0,1775.0,4.0,1777.0,5.0,0.05602240896358543,0.1695873374788016,0.22535211267605634,0.28137310073157007
West Salem,0.0,0.0,0.0,0.0,0.0,0.0,1478.0,0.0,,,,0.0
Westerville,39418.0,44.0,60794.0,32.0,55550.0,28.0,59260.0,44.0,0.1116241311076158,0.05263677336579267,0.05040504050405041,0.07424907188660142
Westlake,32330.0,13.0,32353.0,14.0,32358.0,16.0,32416.0,12.0,0.040210330961954845,0.04327264859518437,0.04944681377093763,0.037018756169792694
Whitehall,18835.0,125.0,18804.0,153.0,0.0,0.0,0.0,0.0,0.6636580833554553,0.8136566687938737,,
Whitehouse,4622.0,2.0,4528.0,1.0,4473.0,3.0,4397.0,3.0,0.043271311120726956,0.022084805653710248,0.0670690811535882,0.06822833750284285
Wickliffe,12679.0,9.0,12506.0,17.0,12545.0,2.0,0.0,0.0,0.07098351605016168,0.1359347513193667,0.015942606616181746,
Williamsburg,2565.0,4.0,2560.0,3.0,2550.0,6.0,2536.0,2.0,0.15594541910331383,0.1171875,0.2352941176470588,0.07886435331230283
Willoughby,22857.0,34.0,22701.0,45.0,22495.0,27.0,22501.0,22.0,0.14875092969331058,0.19822915290075327,0.12002667259390977,0.09777343229189814
Wilmington,12416.0,23.0,12443.0,18.0,12350.0,25.0,12455.0,19.0,0.18524484536082472,0.14465964799485656,0.20242914979757085,0.1525491770373344
Windham,2199.0,4.0,2201.0,3.0,2202.0,9.0,2186.0,6.0,0.18190086402910413,0.13630168105406634,0.4087193460490463,0.2744739249771272
Wintersville,0.0,0.0,0.0,0.0,3789.0,3.0,3812.0,2.0,,,0.0791765637371338,0.05246589716684155
Wooster,27172.0,102.0,26883.0,73.0,26651.0,57.0,26455.0,73.0,0.37538642720447524,0.27154707435926045,0.21387565194551797,0.2759402759402759
Worthington,14692.0,11.0,14689.0,5.0,14594.0,1.0,0.0,0.0,0.07487067791995644,0.03403907686023555,0.006852131012744963,
Xenia,26331.0,55.0,26037.0,53.0,25970.0,58.0,25932.0,56.0,0.2088792677832213,0.2035564773207359,0.22333461686561418,0.21594940613913313
Yellow Springs,3713.0,11.0,3857.0,2.0,3539.0,4.0,3519.0,5.0,0.29625639644492324,0.051853772361939325,0.11302627860977678,0.14208581983518045
Youngstown,63889.0,447.0,128340.0,830.0,129194.0,956.0,129316.0,854.0,0.6996509571287701,0.6467196509272246,0.7399724445407682,0.6603977852701909
Zanesville,25457.0,100.0,25494.0,93.0,25337.0,92.0,25415.0,103.0,0.3928192638566995,0.36479171569781127,0.36310534001657657,0.4052724768837301
