RegionID,RegionName,StateName,SizeRank,2008-03,2008-04,2008-05,2008-06,2008-07,2008-08,2008-09,2008-10,2008-11,2008-12,2009-01,2009-02,2009-03,2009-04,2009-05,2009-06,2009-07,2009-08,2009-09,2009-10,2009-11,2009-12,2010-01,2010-02,2010-03,2010-04,2010-05,2010-06,2010-07,2010-08,2010-09,2010-10,2010-11,2010-12,2011-01,2011-02,2011-03,2011-04,2011-05,2011-06,2011-07,2011-08,2011-09,2011-10,2011-11,2011-12,2012-01,2012-02,2012-03,2012-04,2012-05,2012-06,2012-07,2012-08,2012-09,2012-10,2012-11,2012-12,2013-01,2013-02,2013-03,2013-04,2013-05,2013-06,2013-07,2013-08,2013-09,2013-10,2013-11,2013-12,2014-01,2014-02,2014-03,2014-04,2014-05,2014-06,2014-07,2014-08,2014-09,2014-10,2014-11,2014-12,2015-01,2015-02,2015-03,2015-04,2015-05,2015-06,2015-07,2015-08,2015-09,2015-10,2015-11,2015-12,2016-01,2016-02,2016-03,2016-04,2016-05,2016-06,2016-07,2016-08,2016-09,2016-10,2016-11,2016-12,2017-01,2017-02,2017-03,2017-04,2017-05,2017-06,2017-07,2017-08,2017-09,2017-10,2017-11,2017-12,2018-01,2018-02,2018-03,2018-04,2018-05,2018-06,2018-07,2018-08,2018-09,2018-10,2018-11,2018-12,2019-01,2019-02,2019-03,2019-04,2019-05,2019-06,2019-07
10920,Columbus,Ohio,15,115100,109700,114100,111500,110600,1.05E+05,102700,100400,96500,90800,9.30E+04,91100,90900,87500,91800,98300,104400,109100,113300,116700,118100,111300,100400,98400,100900,103100,102600,104900,99400,88900,77200,79100,81300,87700,86200,81100,75600,75300,76700,79600,81400,86900,86400,84600,83200,85300,86400,82900,82400,86900,98400,104300,108900,106300,105800,103600,102700,98100,103800,100700,101900,93800,99800,105300,111200,114600,112600,108600,106300,105800,108100,108600,111300,115600,117800,122100,121400,121900,119200,122400,123600,124700,120700,142700,142700,144300,124300,124800,123900,121800,121200,120500,120100,118200,120100,1.24E+05,129300,132200,1.33E+05,1.32E+05,132800,134200,1.38E+05,141500,144200,146700,149900,147600,146200,1.42E+05,1.43E+05,1.42E+05,142700,144400,145900,147100,148200,150600,154100,155900,154700,150800,146900,146700,147400,149800,150700,151900,154100,155800,158100,159100,162200,160300,158400,155800,159200
24115,Cleveland,Ohio,43,,,,,,,,,,,,,,,,,,,,,,,,,,,,,,,,,,,,,,,,,,,,,,,,,,,,,,,,,,,,,,,,,,,,,,,,,,,,,,,,,,,,,,,36500,39200,41200,39700,38300,33400,33400,32600,34900,36500,36800,43400,4.30E+04,46400,41400,40700,38300,4.00E+04,4.20E+04,42800,44700,46400,4.90E+04,50600,49600,48700,50300,55300,59400,60100,56900,54500,56300,61400,63600,61300,59500,58700,60200,60100,57300,53100,53200,5.70E+04,62300,68800,70300,74900,69100,67100,64100
4099,Cincinnati,Ohio,53,,,,,,,,,,,,,,,,,,,,,,,,,,,,,,,,,,,,,,,,,,,,,,,,,,,,,,,,,,,,,,,,,,,,,,,,,,,,,,,,,,,,,,,,,,,,,,,,,,,,,,,,,,,,,141200,134900,142500,145200,146900,144500,146400,145300,145400,144500,146300,147900,151300,158400,1.62E+05,151800,143400,144900,150900,157100,152100,153600,155800,155800,158600,158800,1.65E+05,170600,
34303,Toledo,Ohio,65,,,,,,,,,,,,,,,,,,,41700,46900,5.20E+04,52100,48600,46100,42300,42900,41900,47300,45700,42400,36100,34800,33400,34600,36100,35900,34500,32300,34700,36300,35900,34300,3.30E+04,32700,31500,31700,31700,33400,31800,34700,36600,42100,41100,40200,40600,42900,46800,44800,45200,4.50E+04,45700,44100,41200,42100,41400,44500,45200,48400,51300,56400,56300,53200,48200,51500,5.30E+04,57200,56800,58800,58300,60500,60400,61200,63200,6.80E+04,70600,67100,6.50E+04,61500,64500,59100,60100,59200,65800,67500,63700,61500,62200,7.10E+04,71900,71400,70500,68700,69900,67400,65800,64800,65500,7.10E+04,72600,73600,73100,71200,70200,69300,70400,74700,74400,75900,7.20E+04,71700,70100,70200,71800,74300,74600,74900,70300,69600,6.80E+04,70800,73800,,,,,,
30141,Akron,Ohio,123,,,,,,,,,,,,,,,,,,,,,,,,,,,,,,,,,,,,,,,,,,,,,,,,,,,,,,,,,,,,,,,,,,,,,,,,,,,,,,,,,,,,,,,,,,,,46800,44400,45200,42500,39400,40300,43200,50100,49900,5.10E+04,50700,52300,52200,5.30E+04,53100,53900,55300,5.50E+04,56300,57200,58100,57100,58100,59500,59100,61300,61500,64400,61900,63300,61200,6.10E+04,59600,6.50E+04,6.80E+04,72600,67900,73900,70200,73100,68100,69700,72400,69900,69300,69300
51260,Canton,Ohio,200,,,,,,,,,,,,,,,,,,,,,,,,,,,,,,,,,,,,,,,,,,,,,,,,,,,,,,,,,,,,,,,,,,,,,,,,,,,,,,,,,,,,,,,,,,,,,,,,,,,,,,,,,,,,,,,86400,87400,87700,90400,88500,92200,92100,94900,1.19E+05,122900,1.25E+05,97100,91500,85900,84400,81800,86100,93100,97600,96900,106400,115800,121200,109300,1.05E+05,105400,106900
11786,Hamilton,Ohio,230,,,,,,,,,,,,,,,,,,,,,,,,,,,,,,,,,,,,,,,,,,,,,,,,,,,,,,,,,,,,104300,110300,113700,110800,109200,113100,119100,112600,106200,102800,128100,126900,1.30E+05,108700,112400,114300,123700,125600,1.25E+05,118600,119800,119200,1.21E+05,118600,119800,115300,118200,124100,127300,120900,117800,124800,1.36E+05,133700,135700,155200,162300,164600,140900,1.41E+05,135500,138800,1.28E+05,134500,1.29E+05,146100,1.44E+05,157400,1.65E+05,155900,150100,138400,146600,148500,134300,133300,131900,151100,150100,159600,154600,158200,149900,147200,145500,137300,137300,139300,139900,142500,1.53E+05,175400,176300,167300,147600,143700,141900,
34103,Springfield,Ohio,459,,,,,,,,,,,,,,,,,,,,,,,,,,,,,,,,,,,,,,,,,,54400,62800,6.40E+04,6.70E+04,65100,58400,61500,65800,73200,69300,70700,70400,7.50E+04,67600,64400,56700,56700,60400,62200,63500,56700,59900,61900,67200,70500,73100,69500,68700,70300,74700,79800,74900,73200,72700,7.70E+04,79700,76100,74200,71200,73700,7.20E+04,72600,63700,67400,72800,78500,80900,73600,74600,6.90E+04,7.40E+04,74900,72600,75500,77200,83400,79600,76400,77900,78400,79600,81400,85400,103500,107100,105500,91600,89800,88900,89500,85500,85500,85700,90200,90300,87200,82800,80900,80700,83100,86900,88300,86300,89300,87200,8.90E+04,82900,88700,90400,9.20E+04,93100,93500,99900,96700,95900,95800
53812,Parma,Ohio,489,104200,110600,109400,1.07E+05,104500,1.04E+05,106500,101600,97900,93500,89100,90100,83400,87700,88900,93800,93800,94900,99300,100300,101100,1.03E+05,105700,104800,104500,106900,102500,99500,94900,96800,95800,9.00E+04,90500,90600,92500,85300,7.50E+04,74600,7.30E+04,77700,75900,76800,74600,73900,78500,77400,75600,67400,69300,71900,81200,83800,85600,79700,78300,76400,77300,78600,74300,78300,78500,84600,80200,8.20E+04,81100,82500,80800,81200,82500,83900,80100,80100,76900,80300,79900,84700,86900,88200,84600,84700,85700,86100,92100,89700,93400,84900,87600,83600,86100,86300,91200,92800,92300,91500,91100,88500,89200,9.40E+04,98900,100800,98100,98600,97400,97100,98200,101200,102800,9.80E+04,96800,97700,104300,103900,104700,105300,107900,108300,107700,105900,108900,111500,115300,116100,117600,115900,114300,112400,114300,114900,119800,118200,117500,116200,120800,1.23E+05,124200,122700,122500
28060,Youngstown,Ohio,628,,,,,,,,,,,,,,,,,,,,,,,,,,,,,,,,,,,,,,,,,,,,,,,,,,,,,,,,,,,,,,,,,,,,,,,,,,,,,,,,,,,,,,,,20300,21600,21700,25500,26900,26600,21600,19400,19600,21400,21200,22200,22500,2.20E+04,21700,21300,22600,22900,24500,24800,2.60E+04,25300,24700,22900,23600,26400,28300,27600,25100,25800,27700,27700,27700,28300,33600,3.50E+04,3.50E+04,29100,26400,27800,30600,28700,27900,26700,27400,27200,27900,33300,30800,
14584,Westerville,Ohio,635,220800,223500,213100,220600,223900,2.27E+05,2.18E+05,216700,217400,211200,204300,218500,220900,220700,199100,197700,200600,205600,223700,220800,218300,2.12E+05,219100,239500,241500,238100,217400,2.10E+05,213200,210700,209300,202900,221500,225500,227800,229600,225100,227200,210100,213200,212800,212800,2.14E+05,206700,210300,198300,203100,216100,214600,218500,203400,2.07E+05,204700,200600,204200,202300,2.05E+05,201800,2.02E+05,202800,200800,201100,199500,208300,212300,212700,214200,215500,224100,229200,2.33E+05,231600,240900,235100,229700,212200,211800,212600,2.12E+05,212100,208900,214600,210500,208800,212600,219400,224700,219400,222400,222600,223600,217900,223200,221300,209500,207600,213600,235100,241800,244100,244700,2.50E+05,251700,255300,247600,2.44E+05,240700,250200,259900,265100,266700,265100,261200,260300,2.64E+05,270600,270900,269900,271800,3.03E+05,300500,288800,256800,262500,273300,280400,284600,291400,2.85E+05,273500,261500,3.04E+05,3.16E+05,324900,295800,299500,3.03E+05
32572,Lorain,Ohio,637,,,,,,,,,,,,,,,,,,,,,,,,,,,,,,,,,,,,,,,,,,,,,,,,,,,,,,,,,,,,,,,,,,,,,,,,,,,,,,,,,,,,,,,,,,,,,,,,,,,,,,,,,,,,,,,,62600,66200,66900,66300,66700,61100,65600,69800,80700,78700,75300,75800,74800,69200,64200,65300,69200,74800,87700,85800,8.60E+04,78600,83200,79800,75400,70800
25784,Massillon,Ohio,646,,,,,,,,,,,,,,,,,,,,,,,,,,,,,,,,,,,,,,,,,,,,,,,,,,,,,,,,,,,,,,,,,,,98800,107200,1.03E+05,102400,97500,98400,100800,1.06E+05,109900,110400,1.08E+05,107300,108900,104700,109800,108500,1.14E+05,113200,111200,108400,99900,100900,1.07E+05,117400,117100,116700,1.03E+05,106100,113600,131800,124600,118800,112700,118800,112500,1.10E+05,106300,106400,106700,114300,116400,123600,121200,112100,107200,111400,121300,119100,123300,123600,1.27E+05,119500,123900,119800,123300,115900,122700,116900,121200,122600,130200,123100,117900,1.11E+05,1.26E+05,124200,130800,126500,135200,129400,126800
53253,Medina,Ohio,655,,,,,,,,,,,,,,,,,,,,,,,,,,,,,,,,,,,,,,,,,,,,,,,,,159100,1.71E+05,166500,165300,160200,160800,159200,152500,159400,165500,169900,166200,1.67E+05,166600,170200,169400,1.78E+05,179200,180900,175600,174600,172500,176500,171800,165200,172200,170300,178200,167900,179300,176600,173800,173100,178200,188200,212700,206500,205800,179100,188300,180300,181400,1.77E+05,182200,175700,1.80E+05,188300,192700,196600,188900,194400,183200,1.82E+05,174300,178900,185300,192300,182800,172800,170100,192800,196100,1.95E+05,184200,194600,193100,197300,197800,2.00E+05,200200,197500,213300,214600,219400,2.13E+05,215200,207800,200200,198500,196700,1.96E+05,198800,218300,230800,237800,2.40E+05,237900,237700,226500
17974,Elyria,Ohio,664,,,,,,,,,,,,,,,,,,,,,,,,,,,,,,,,,,,,,,,,,,,,,,,,,,,,,,,,,,61200,62200,65400,60400,64700,64900,61800,6.10E+04,59200,68900,66400,71100,69300,6.80E+04,62600,63400,72100,80700,77700,74500,8.00E+04,8.20E+04,87200,80900,86300,89900,9.20E+04,92800,80300,76500,73700,7.60E+04,75700,77300,78100,75800,78800,71900,67700,68300,76700,89100,90600,92500,91600,86400,83800,83700,83900,89500,88200,88200,84200,83900,83600,81900,85200,86300,89400,90500,86500,84200,83900,101400,103400,103400,93500,93700,90400,100600,106400,1.12E+05,1.12E+05,98300,99400,102700,116100,115400,103200,104700
35641,Grove City,Ohio,693,130300,129600,131500,129200,128100,123200,125200,1.28E+05,129500,130900,135300,130900,125900,120400,120900,119200,115100,115800,121100,126300,130600,130200,128300,123100,123300,118700,119900,118900,117400,118600,1.17E+05,115600,118600,125800,131200,121100,111200,113100,112400,109300,105300,1.13E+05,113600,112900,114300,117700,120200,120800,122900,126900,125400,124100,123400,1.23E+05,123900,121600,121600,126100,139400,142700,146200,134500,1.33E+05,128700,1.35E+05,1.38E+05,137800,133100,156300,155200,154800,129100,130200,131400,131800,133800,134900,137700,136600,136800,136600,138600,1.43E+05,140300,144400,143100,155100,153700,150700,1.41E+05,140200,140100,141100,142500,145200,148900,146500,1.46E+05,1.47E+05,150200,154100,152900,154600,157100,160900,161800,159300,161300,160200,166200,166100,172300,1.70E+05,169700,172800,177100,178800,182700,1.83E+05,184200,179600,179900,181400,180100,178400,181100,180200,182500,177500,182800,186300,1.88E+05,189300,191200,196700,200900,196900
25495,Lancaster,Ohio,703,,,,,,,,,,,,,,,,,,,,,,,,,,,,,,,,,,,,,,,,,,,,,,,,,,86700,95900,93100,104400,1.00E+05,9.80E+04,86900,9.20E+04,1.04E+05,105800,109200,100100,106700,104200,116900,115600,107900,9.90E+04,100700,104500,103500,106500,92500,9.40E+04,95700,113200,120300,126300,127400,127700,123200,113100,103500,96100,105700,113200,119600,118900,120200,121100,124500,120500,124400,121500,130100,129700,129700,120200,119200,1.24E+05,139100,142300,139300,128700,125400,127400,127400,1.32E+05,130600,133200,1.30E+05,129100,125500,123300,126500,129200,1.35E+05,135200,138400,137200,144800,147400,139300,135300,130700,1.35E+05,128500,1.26E+05,129900,130500,136300,141800,145700,148900,1.43E+05,146700,144400,
14541,West Chester,Ohio,704,,,,,,,,,,,,,,,,,,,,,,,,,,,,,,,,,,,,,,,,,,,,,,1.66E+05,165100,162100,167700,1.74E+05,182300,176200,173400,185200,183600,184600,172100,172900,172700,178100,185500,187600,1.88E+05,180200,1.81E+05,179800,189500,190100,190500,178100,179600,179900,195700,194800,195700,188600,181400,182400,195700,205500,217500,207200,205300,178900,182200,193600,208900,211800,202300,2.05E+05,205200,206100,204600,207100,218700,223900,222300,208200,2.07E+05,208800,2.13E+05,206200,202300,201500,209400,221900,217300,215100,207100,216300,221100,224600,216100,220700,223800,229100,227400,224300,229700,239200,237900,250500,236400,234200,219700,226300,236300,241500,235900,235900,245400,246600,241900,236700,243100,243600,
39996,Newark,Ohio,754,,,,,,,,,,,,,,,,,,,,,,,,,,,,,,,,,,,,,,,,,,,,,,,,,,,,,,,,,,,,,,,,,,,,,,,,,,,,,,,,,,,,,,,,,,,,,,,,,,,,,,,,,,,,,,120200,120700,120300,113200,110200,113300,121400,119500,108400,104700,111300,119300,117300,113100,114100,124400,126400,124800,121500,124500,126400,132300,133200,137800,134700,137300,131800,
5710,Loveland,Ohio,760,,,,,,,,,,,,,,,,,,,,,,,,,,,,,,,,,,,,,,,,,,,,,,,,,,,,,,,,,,,,,,,,,,,,,,,,,,,,,,,,,,,,,,,,,,,,,,,,,,,,,,,,,,,,,,,,222400,225200,223700,249400,246400,245800,217100,234500,2.36E+05,242700,230700,237400,236800,224400,216200,228800,244600,239800,231900,227700,235100,248800,249500,2.54E+05,234900,
5411,Kettering,Ohio,766,,,,,,,,,,,,,,,,,,,,,,,,,,,,,,,,,,,,,,,,,,,,,,,,,,,,,,,,,,,,,,,,,,,,,,,,,,,,,,,,,,,,,,,,,,,,,,,101900,103300,108700,121100,123200,124100,121300,119100,115600,115300,117200,120200,121800,133800,133600,1.33E+05,119700,1.22E+05,122700,128300,126400,126400,126900,129600,129900,131700,125500,131700,129200,1.38E+05,132400,128900,132600,134500,135400,133600,131800,138600,134200,140100,133500,140200,
38520,Findlay,Ohio,808,,,,,,,,,,,,,,,,,,,,,,,,,,,,,,,,,,,,,,,,,,,,,,,,,,,,,,,,,,,,,,,,,,,,,,,,,,,,,,,,,,,,,,,,,,,,,,,,,,,,,,133900,138400,1.37E+05,137700,138200,139300,142700,136500,134800,133800,142500,146300,1.46E+05,142400,143400,1.48E+05,155700,159800,162200,158400,159300,156800,160600,1.58E+05,153100,149700,148200,158600,162700,172900,166100,164200,152800,1.55E+05,152900,1.63E+05
29898,Delaware,Ohio,840,,,,,,,,,,,,,,,,,,,,,,,,,,,,,,,,,,,,,,,,,,,,,,,,,,,,,,,,,,,,,,,,,,,,,,,,,,,,,,,,,,,,,,,,,,,,,,,,,,,,,,,,,,,,,202800,205800,200100,196900,199200,197600,205500,206400,201800,203800,211800,257700,270700,271100,228900,215700,212400,222400,2.24E+05,224600,213300,207300,206600,217500,223900,221500,219500,225500,
4426,Dublin,Ohio,851,,,,,,,,,,,,,,,,,,,,,,,,,,,,,,,,,,,,,,,,,,,,,,,,,,,,,,,,,,,,,,,,,,,,,,,,,,,,,,,,,,,,,,,,,,,,,,,,,,,,,,,,,,,,,,,,329900,318800,309800,3.34E+05,3.47E+05,3.46E+05,337600,3.40E+05,3.65E+05,353200,354200,355200,359700,337400,325900,342200,368900,360100,353100,312100,315400,323700,356700,363600,357600,353400
11022,Cuyahoga Falls,Ohio,890,116800,114800,115900,112600,1.14E+05,115600,113900,108300,103600,95800,90600,89500,89700,94100,94400,99500,100900,102300,101800,106700,109900,106700,97900,95400,1.04E+05,112900,109900,102200,93600,105500,106600,1.11E+05,98600,99200,90500,82500,79800,8.90E+04,98500,97100,91500,93500,92600,9.90E+04,92400,88700,81700,77800,91200,95700,98700,97300,98600,105500,101100,99800,98400,1.02E+05,108100,104700,105200,100400,103200,114100,116800,1.17E+05,111100,108100,109200,95400,97500,98200,103700,103400,104200,105100,1.06E+05,103600,105800,108200,111200,111100,100400,99800,92300,101700,98700,106600,105900,110400,109700,110400,100800,100200,94700,103900,105600,111600,110900,112100,112600,117700,1.18E+05,118400,115100,1.18E+05,118100,1.19E+05,116700,121200,122800,123100,114500,122300,122100,128700,119100,119300,118100,118600,120200,121900,125100,125400,123700,126400,128800,130900,128200,1.24E+05,126300,130400,136800,139100,134100,134400,129100
21995,Lakewood,Ohio,982,,,,,,,,,,,,,,,,,,,,,,,,,,,,,,,,,,,,,,,,,,,,,,,,,,,,,,,,,,,,,,,,,,,,,,,,,,,,,116500,118400,120600,126100,128900,117800,115900,114400,128100,122600,127100,124300,127500,123100,1.23E+05,122500,115800,115100,119700,135200,133200,131600,126300,141600,143600,149100,136100,137900,136500,140400,140900,1.43E+05,140700,134600,135500,142200,1.57E+05,156300,158800,157500,161200,163800,159100,187800,1.84E+05,190100,162800,166300,1.71E+05,168600,165700,157900,155700,1.51E+05,156300,1.86E+05,192800,1.92E+05,174300,186600,192800
24117,Cleveland Heights,Ohio,1002,,,,,,,,,,,,,,,,,,,,,,,,,,,,,,,,,,,,,,,,,,,,,,,,,,,,,,,,,,,,,,,,,,,,,,,,,,,,,,,,,,,,,,,,,,,,76600,80600,75200,70700,77400,79800,83100,7.60E+04,82600,79800,83600,87300,91300,99500,90600,101500,98500,103300,91900,85100,80500,85400,86500,94200,90900,91600,94500,91600,92300,89200,92100,9.60E+04,94700,90500,93700,97900,107700,107200,104300,98700,1.08E+05,113500,119600,111700,113800,108300
10315,Beavercreek,Ohio,1005,,,,,,,,,,,,,,,,,,,,,,,,,,,,,,170100,170900,1.63E+05,150600,155600,172600,181800,168800,148400,140500,143600,156100,168100,169200,164300,1.57E+05,163400,1.59E+05,158600,152400,143600,144100,143900,153700,150100,145200,145700,145300,159400,154900,159100,152100,158500,158200,160100,1.59E+05,159400,1.55E+05,145100,140500,140400,155300,157100,155600,139900,138600,141200,1.59E+05,161600,164100,155500,157400,167900,171300,171100,162100,1.62E+05,165200,161400,163600,163100,166200,166700,163900,165900,168400,172400,171100,170200,169300,167500,164900,163400,167800,170100,1.75E+05,176100,173300,173400,176200,1.81E+05,178400,176500,176900,174100,173400,174100,180800,209600,208700,206700,200800,200500,203400,185100,191400,191800,197800,191100,199300,203400,205900,196800,186100,1.89E+05,189700,1.92E+05,
45221,Fairfield,Ohio,1025,,,,,,,,,,,,,,,,,,,,,,,,,,,,,,,,,,,,,,,,,,,,,,,,,,,,,,,,,,,,,,,,118300,1.25E+05,123800,139800,130900,130400,115400,122700,126600,130100,132900,126400,126200,123300,123100,124800,124500,124100,124500,109300,105400,102300,122800,129100,132400,127700,127500,123200,110700,114600,120100,133600,135300,138100,139200,137600,135500,140600,140400,140800,141300,140900,135300,134800,126600,132400,130500,140600,141400,140500,146200,1.48E+05,151600,150300,1.54E+05,154800,149300,136800,137100,144400,156700,152800,149800,146400,147200,149800,155700,157300,163900,163100,171700,163900,160500,
24624,Euclid,Ohio,1036,,,,,,,,,,,,,,,,,,,,,,,,,,,,,,,,,,,,,,,,,,,,,,,,,,,,,,,,,,,,,,,,,,,,,,39900,3.90E+04,36400,36400,38200,4.70E+04,46700,4.70E+04,55300,54600,56500,41100,41200,41300,44500,44900,39600,35700,38600,41700,43900,42400,42900,42100,43300,4.40E+04,45500,4.70E+04,5.10E+04,45800,46800,46400,55500,5.80E+04,53600,54800,50400,53200,53200,53800,5.80E+04,57700,6.10E+04,59600,60600,59600,59800,61400,62400,66100,66500,65700,62300,60400,58700,59300,63300,6.70E+04,67500,64900,63800,63600,72300,74400,77200,72900,72400,76100
5398,Kent,Ohio,1046,,,,,,,,,,,,,,,,,,,,,,,,,,,,,,,,,,,,,,,,,,,121600,115700,91100,94900,93700,114100,113100,114900,105400,104100,109100,1.11E+05,115800,113700,117100,107600,104700,97500,1.01E+05,103300,107300,104100,106100,118600,135700,137700,125700,1.17E+05,118700,114200,114800,111700,119100,126200,1.32E+05,1.37E+05,132500,124200,123200,123800,126800,137900,140100,136600,124200,129700,140400,144300,143400,143700,142700,137600,167100,167200,1.61E+05,123900,122900,125100,128700,1.27E+05,126300,126200,128100,131500,132400,134400,142100,150700,1.59E+05,155300,149500,142200,134400,138300,143600,150400,156100,153300,151100,145600,143800,143300,136600,142700,164800,171200,166800,148200,137600,1.40E+05,131200,142900,142600,154700,146500
21386,Wooster,Ohio,1051,,,,,,,,,,,,,,,,,,,,,,,,,,,,,,,,,,,,,,,,,,126600,128400,121800,125100,125600,116900,101700,99800,106300,118100,119600,120400,123400,112500,117400,123100,144800,1.43E+05,131800,119400,112700,118100,117900,125200,118200,118400,120400,118500,124100,126100,128800,127800,124200,126700,122500,119400,124600,1.27E+05,126600,126400,123600,120100,115700,115900,121800,122400,124200,1.25E+05,125600,1.27E+05,1.30E+05,135500,142800,132600,1.35E+05,1.31E+05,131100,127300,134800,146200,145200,142800,152400,147700,135100,121400,126800,134700,125800,127900,131500,147100,152600,148400,142100,1.41E+05,142300,1.50E+05,1.57E+05,158800,161600,1.52E+05,149500,142100,139500,143500,146800,157200,156800,148400,142100,144400,149200,145900,142200,
50327,Brunswick,Ohio,1053,,,,,,,,,,,,,,,,,,,,,,,,,,,,,,,,,,,,,,,,,,,,,,,,,143100,137500,136700,125800,123600,120300,118100,1.23E+05,130100,134800,1.45E+05,145100,147900,144800,1.51E+05,152900,151300,150800,153200,148700,148100,154200,165500,1.72E+05,1.68E+05,163900,154800,150100,149600,161900,163400,167900,158300,1.58E+05,152400,1.52E+05,150100,150900,153100,156500,163400,167200,163400,157400,154100,155600,1.54E+05,1.52E+05,146300,153200,154800,161500,158100,157800,158300,158100,1.51E+05,153100,166800,180400,185100,1.72E+05,1.71E+05,170100,173400,170300,174700,173600,185200,180900,181500,172600,172400,174800,174800,179200,180900,191100,187200,188400,178300,178400,1.81E+05,176600,185100,187100,190400,185800,186600
56162,Painesville,Ohio,1121,,,,,,,,,,,,,,,,,,,,,,,,,,,,,,,,,,,,,,,,,,,,,,,,,,,,,,,,,,,,,,,,,,,,,,,,,,,,,,,,,,,,,,,,,,,,,,,,,,,,,120500,126500,130300,124100,122500,1.22E+05,125300,111400,104900,1.03E+05,118600,120200,1.20E+05,121300,118200,122900,126500,129200,117400,116300,120300,129800,130900,1.33E+05,129900,124400,126700,1.31E+05,134700,131600,123700,140300,138800,149900,138400,134100,132600
38999,Hilliard,Ohio,1135,,,,,,,,,,,,,,,,,,,,,,,,,,,,,,,,,,,,,,,,,,,,,,,,,,,,,,,,,,,,,,,,,,,,,,,,,,,,,,,,,,,,,,,,204700,205900,213500,210900,216800,214400,220800,225300,233500,240600,2.39E+05,237300,234300,234600,2.31E+05,234600,236200,224300,227100,2.27E+05,237900,234600,2.34E+05,237700,2.44E+05,250500,250400,243300,246500,252600,256600,271800,275700,273900,260300,260700,265300,260800,257300,252300,251900,252200,2.53E+05,264800,286700,300200,295200,273600,267200,264200
23789,Bowling Green,Ohio,1156,,,,,,,,,,,,,,,,,,,,,,,,,,,,,,,,,,,,,,,,,,,,,,,,,,,,,,,126700,1.47E+05,156400,155700,150900,160500,156400,135900,1.22E+05,124500,1.32E+05,134300,131400,133700,1.40E+05,143100,151600,148600,152800,140500,145700,143800,149100,142600,145100,145600,149200,144100,143900,144300,140200,150100,150700,152500,153900,155500,152500,143600,1.43E+05,144200,138400,133300,1.38E+05,144800,147900,144900,147900,153600,159400,165800,157800,148800,137700,151300,162300,166600,163600,164400,1.67E+05,1.67E+05,1.65E+05,162800,159800,165100,180400,206300,198800,182500,153500,153700,163800,163300,165200,158600,1.82E+05,189500,182900,163500,1.63E+05,158300,163700,154100,
5586,Lebanon,Ohio,1166,,,,,,,,,,,,,,,,,,,,,,,,,,,,,,,,,,,,,,,,,,,,,,,,,,,,,,,,,,,,,,,,,,,,,,,,,,,,,,,,,,,,,,,,,,,,,,,,,210300,202500,199700,204300,204500,1.95E+05,189700,179500,1.88E+05,191400,196500,190100,193800,198600,204600,197800,195500,198300,2.02E+05,202500,195100,195800,203300,2.08E+05,211800,201100,208300,2.09E+05,212300,2.01E+05,196700,190900,194900,203400,225700,239500,239800,226900,220700,218400,
39769,Miamisburg,Ohio,1182,,,,,,,,,,,,,,,,,,,,,,,,,,,,,,,,,,,,,,,93400,89500,8.80E+04,97200,101900,101600,102200,96700,8.90E+04,94600,101800,109100,108900,116400,112300,110100,116700,135200,142900,132700,125400,110900,112800,109400,109100,111700,109800,117100,113100,116900,107800,112700,115600,117100,121300,110100,113400,110800,118500,123600,121200,119700,122700,125100,127600,124100,123500,117800,122700,118700,124200,117700,125600,118700,117900,117100,121600,133300,132100,140800,1.37E+05,138700,128400,126100,121900,128100,138200,137200,126900,119500,127100,139700,142200,133700,136300,130300,147200,148800,154400,149900,139900,145500,141400,155500,151100,168800,164800,162400,147700,151300,168300,1.65E+05,159500,148400,148200,147200,147700,150600,
19911,Perrysburg,Ohio,1197,1.78E+05,171700,170600,182100,174400,167300,153500,152900,1.81E+05,1.90E+05,198800,167300,157300,147200,158300,162400,166100,160500,152600,144400,165700,175800,188800,174400,174400,167100,170800,176200,177600,175400,159100,1.64E+05,1.61E+05,171200,183800,1.78E+05,177600,164800,173200,169800,172100,174600,174400,187100,188200,201600,205400,188400,182900,148900,163500,166400,175100,174900,149600,161900,160100,194800,187300,197400,196200,195300,1.89E+05,178300,177500,175700,1.69E+05,1.70E+05,173600,173400,170300,177200,1.75E+05,180500,168900,180900,185500,1.95E+05,1.92E+05,183400,175700,176900,188600,188800,190700,185600,189500,184300,182700,183800,192100,195100,191300,183100,198500,200300,207900,193100,196300,1.91E+05,201100,204700,205400,200500,203200,205100,2.03E+05,182200,179300,179700,199500,206200,204100,193300,193300,203200,213800,227800,224800,222200,208100,215300,221400,2.19E+05,203400,204800,208500,2.19E+05,217400,222700,221900,209600,213400,216800,227600,221900,
40554,Reynoldsburg,Ohio,1212,,,,,,,,,,,,,,,,,,,,,,,,,,,,,,,,,,,,,,,,,,,,,,,,,,,,,,,,,,,,,,,,,,,,,,,,,,,,,,,,,,,,,,,,,,140200,149800,142900,139600,129800,132700,149300,150800,150300,142500,145600,149500,146100,151600,155500,161300,155600,161500,155900,1.58E+05,153600,155500,160600,1.55E+05,160600,157800,165400,166700,181300,182900,181100,161200,166700,165400,177700,172700,179500,180600,179200,178500,174200,173700,160600,160500,160200,170900,181200,174700
18647,Huber Heights,Ohio,1218,,,,,,,,,,,,,,,,,,,,,,,,,,,,,,,,,,,,,,,,,,,,,,,,,,,,,,,,,,,,88900,82500,77200,78500,76300,79800,80600,82700,77700,75400,76800,71900,71800,72800,82200,87800,91800,90500,86200,8.80E+04,83600,86400,83800,88800,87800,88200,87500,85800,8.10E+04,82700,87100,105800,106400,93500,79100,79300,93300,95500,100800,99700,104700,100100,99300,95600,100400,105800,108600,107200,107500,106500,106200,99900,99200,100100,107200,108400,111200,110200,108800,108800,113100,116100,1.15E+05,117700,121400,124700,118700,127800,126500,125400,112300,116800,118400,120900,112800,116700,114600,
3731,Boardman,Ohio,1259,,,,,,,,,,,,,,,,,,,,,,,,,,,,,,,,,,,,,,,,,,,,,,,,,,,,,,,,,,,,,,,,,,,,,,,,,,,,,,,,,,,,,,,,,81700,79600,84300,98300,100100,93600,83600,74400,79400,76400,84300,87800,84300,94600,9.20E+04,99600,100700,104200,91500,86100,79900,88400,89300,93500,94400,90200,85200,83200,90600,99800,107800,102700,100200,97700,101100,100200,1.01E+05,97300,93200,9.40E+04,100100,109600,107300,91200,95300,100300,119400,118700,
43969,Athens,Ohio,1265,,,,,,,,,,,,,,,,,,,,,,,,,,,,,,,,,,,,,,,,,,,,,,,,,,,,,,,,,,,,,,,,,,,,,,,,,,,,,1.45E+05,139200,144600,154400,147700,151100,142100,145100,147400,1.60E+05,159300,174300,167800,166300,159700,143100,147200,154300,157800,158200,134300,137200,141400,156100,157300,150100,143900,144700,150500,149700,151800,149900,151500,165700,166300,180900,1.75E+05,176500,175700,185300,193300,190700,192800,194800,201400,184600,176100,162100,171200,154800,1.50E+05,125300,143400,158300,169100,161700,153900,160500,175300,184800,
14192,Troy,Ohio,1279,1.25E+05,114300,110500,1.19E+05,127900,129900,116400,109500,110900,121200,1.27E+05,128500,140700,129700,1.21E+05,115300,129600,130500,119900,112400,114300,109500,107100,95300,104200,106500,117700,1.19E+05,114800,107900,9.50E+04,97100,1.01E+05,117900,122200,132500,119300,105600,102400,102800,119600,113900,121800,118400,126200,1.22E+05,1.25E+05,137100,145400,145200,129500,124800,132100,131500,129900,117700,120300,122400,123500,138900,140600,144900,127300,129400,138600,139100,129300,121600,128700,1.48E+05,143400,139500,135700,142800,132700,123900,120300,137200,134200,152200,140900,138400,1.26E+05,123600,123700,116800,128400,142800,140800,131700,129900,142500,1.50E+05,153900,129500,131600,126200,141200,138600,137800,1.37E+05,137700,141900,144100,141800,135700,134800,142100,146900,152600,147100,137900,138500,140900,151500,145100,143900,137200,152200,148500,149900,139900,149700,153200,159700,151200,143800,140500,143200,1.50E+05,1.53E+05,154600,154900,157400,148800,1.58E+05,147700
42802,Pickerington,Ohio,1294,,,,,,,,,,,,,,,,,,,,,,,,,,,,,,,,,,,,,,,,,,,,,,,,,,1.63E+05,174800,171100,169700,168500,170100,170400,160200,162400,169100,163200,159700,158100,171700,177100,175500,178100,1.74E+05,1.76E+05,179800,183500,179100,1.81E+05,184600,191400,192200,193900,197400,200300,202200,1.99E+05,190900,180400,180800,179300,186500,186900,189600,191100,196300,196200,195800,193700,190900,196200,192800,200800,199500,2.03E+05,205300,205300,207700,206400,208600,209600,214400,213400,216700,216600,221500,220400,224200,2.22E+05,2.20E+05,221100,224400,232400,231600,234100,233500,235700,234600,238500,237800,236600,235300,239700,246600,249100,244700,242200,241300,242100,264700,267400,275700,269500,269500
7279,Stow,Ohio,1296,,,,,,,,,,,,,,,,,,,,,,,,,,,,,,,,,,,,,,,,,,,,,,,,,,,,,,,,,,,,,,,,,,,,,,,,,,,,,1.50E+05,159500,184900,177400,1.77E+05,152700,150200,1.46E+05,132700,134300,133700,140700,141100,143200,144300,1.48E+05,149200,140900,149800,144700,153700,147600,153700,157600,155600,152800,149700,1.54E+05,151500,149400,146600,158300,1.65E+05,166300,162200,154700,148800,151100,154700,169400,169500,175200,171600,176100,1.66E+05,167600,164600,174400,169800,171400,167600,170600,161600,167700,166500,1.89E+05,186600,1.90E+05,171600,173700,168900
7540,Upper Arlington,Ohio,1303,258100,241100,232900,235800,2.43E+05,238700,225500,2.48E+05,259600,281500,274600,287200,2.88E+05,283300,2.60E+05,248600,240800,241800,236600,232700,255200,286700,286500,300900,294300,317900,278200,268100,261400,264500,287400,297200,319500,3.04E+05,2.86E+05,253500,258400,269200,269600,261700,256200,271900,261300,242200,251700,246300,240200,264500,289100,3.24E+05,288800,272400,261100,260800,271500,274900,278500,3.04E+05,315900,311400,285200,295300,281500,279900,264300,288600,291200,290900,286700,278400,285200,295300,292100,277200,261200,294600,3.03E+05,305800,286800,286500,304100,294800,314800,3.27E+05,331400,318600,300900,3.12E+05,321200,340500,321300,321800,308100,3.26E+05,316100,299800,305600,314100,331100,334100,340800,341900,350600,344900,344100,345800,3.37E+05,334100,333300,353200,383100,373600,359800,342300,346700,358500,368200,386700,380100,406300,408600,4.12E+05,401200,382900,401900,374300,379500,356300,378600,3.88E+05,396800,411900,413800,436200,418300,411800,390500
42925,Powell,Ohio,1306,285700,2.80E+05,298300,286200,293700,280900,282300,288200,2.85E+05,282900,251800,2.54E+05,253200,273400,272400,262900,260500,266100,280400,292400,292900,2.96E+05,2.95E+05,269300,263700,264900,291300,279300,267600,2.75E+05,284500,297900,2.98E+05,290400,281300,279200,275900,261500,269600,279600,299500,2.85E+05,291600,291100,293400,285900,291500,265800,2.95E+05,2.91E+05,315600,294800,291600,287800,280200,280100,278500,294900,2.84E+05,293200,279700,295600,294700,297200,2.96E+05,293800,287300,287900,290200,325100,3.31E+05,379600,351600,347200,3.07E+05,307500,307400,309200,318600,317800,317900,321700,326800,3.15E+05,312100,312100,323700,322900,3.26E+05,328600,329700,332600,355200,351600,341900,309700,318200,321200,329800,325500,332400,335300,340500,337900,339800,337600,312400,311200,308500,338800,349100,356200,349300,343500,339500,3.49E+05,352400,377200,381500,391700,391100,390700,379600,3.68E+05,371600,378800,370800,3.69E+05,364100,394700,387700,366200,358100,364200,4.13E+05,394600,
39635,Marion,Ohio,1358,,,,,,,,,,,,,,,,,,,,,,,,,,,,,,,,,,,,,,,,,,,,,,,,,,,,,,,,,,,,,,,,,,,,,,,,,,,,,,,,,,,,,,,,,,,,,,,,,,,,,,,,,,,62500,69300,62900,59500,59600,65300,6.40E+04,62800,5.90E+04,66300,61700,60400,59600,65100,61700,66100,63600,80700,76500,77300,78800,91600,93500,94300,91800,106800,107100,109500,120900,126600,
43098,Sylvania,Ohio,1373,1.67E+05,162500,161500,166100,165300,167400,1.81E+05,187800,168600,157900,132900,139600,136300,152800,147200,147600,139100,147800,143800,148400,150200,163900,164300,156500,147500,1.56E+05,163900,169500,166600,168600,162700,156700,1.52E+05,163900,154900,142900,134900,144400,158800,1.59E+05,164300,1.60E+05,152400,140600,143900,146400,165200,166300,1.46E+05,140500,136100,157500,154400,150900,148100,1.47E+05,150900,1.55E+05,165800,1.62E+05,158300,144100,150400,1.53E+05,159300,1.57E+05,158900,164300,161800,161900,151600,1.63E+05,150800,158500,1.51E+05,168900,171500,175700,173100,163900,1.63E+05,159300,169300,164600,162800,157500,160500,156200,159100,162900,168900,1.66E+05,172100,180300,179500,175300,1.75E+05,179200,177500,178300,172200,167300,161800,168500,175400,185800,190200,195600,192300,189100,188300,185300,1.80E+05,183300,195100,204800,199800,187800,187300,184900,189900,189300,192800,192700,192600,191900,193200,196300,2.03E+05,198700,191500,187700,,,,,
18226,Gahanna,Ohio,1389,,,,,,,,,,,,,,,,,,,,,,,,,,,,,,,,,,,,,,,,,,,,,,,,184600,172700,160200,154200,158300,164100,169700,173200,1.69E+05,159200,152200,1.74E+05,172800,176100,162800,172300,166200,166100,165400,1.72E+05,169900,178800,190600,193300,188100,191900,192700,206600,202900,201800,201700,191900,193900,180700,180300,170700,180400,183400,180100,170700,171400,187500,189100,1.90E+05,183600,184700,180100,190600,196600,196100,189800,182600,191500,194300,200800,2.03E+05,208400,206300,204500,202200,208800,203200,208600,203400,202700,195300,187900,199400,205900,212700,214100,215400,211200,210300,206200,211700,2.19E+05,230400,238800,237500,235200,225500,2.27E+05,220400,228700,212700,216100,217700,227800,227600
13034,North Ridgeville,Ohio,1393,125700,137200,137300,140700,132900,132700,132400,133300,132300,131600,135800,133200,134100,130600,134900,129300,1.24E+05,121300,1.30E+05,1.41E+05,143700,142700,157200,160700,157100,135300,125300,129700,129900,138800,148200,151100,148700,132900,145200,1.40E+05,1.39E+05,121400,122900,125800,134100,135600,1.40E+05,132400,134600,137500,141500,1.41E+05,136400,127800,130600,131400,136400,138100,138700,143300,137200,142700,136900,1.42E+05,132900,138400,138700,140900,140300,143500,149700,158800,157800,152600,143400,136500,145200,147600,147900,144200,143800,147900,149800,147800,150300,149500,148900,134500,137300,145600,156600,155300,1.59E+05,159700,159300,1.45E+05,147200,148400,160800,159100,153500,151300,158200,166200,1.59E+05,159400,155800,162200,1.58E+05,166500,171900,177700,173600,1.64E+05,168400,166600,175800,170200,169300,175100,179800,181700,1.85E+05,189700,196300,1.88E+05,184500,1.86E+05,188900,1.90E+05,181700,186800,184800,176100,175900,1.60E+05,185600,177800,197200,185900,194600
46803,North Olmsted,Ohio,1424,138900,1.41E+05,140300,141900,135900,132700,120800,117100,119400,131100,125100,115200,98700,105100,104800,119700,124300,127400,121600,122400,123600,131400,130100,127700,129300,131300,137800,130200,128400,110700,112600,111100,126300,129200,136700,111800,109400,105100,121700,114500,111300,119700,107100,98800,94300,1.17E+05,121200,104600,88300,92200,106200,116900,113900,110800,102400,107300,111900,110300,106300,108600,116500,1.16E+05,114500,118300,1.20E+05,122100,121900,123800,123200,118700,1.19E+05,1.02E+05,109500,110700,129500,129700,129200,1.33E+05,129700,130400,126600,1.34E+05,1.25E+05,124900,120800,133800,124700,124200,123500,132800,126800,126600,128900,135500,131600,133200,128800,128800,125900,129400,132500,133700,134700,134100,133400,134400,137200,136400,1.43E+05,140600,147200,140200,143300,1.40E+05,149700,150500,157400,150800,156200,137900,138500,141600,157200,158300,154200,158700,163600,160900,159700,155700,156700,150600,1.57E+05,160800,165200,158100,158100
34613,Wadsworth,Ohio,1476,,,,,,,,,,,,,,,,,,,,,,,,,,,,,,,,,,,,,,,,,,,,,,,,,160700,156800,155700,143800,124100,1.21E+05,128600,1.36E+05,131900,138300,149300,177600,172300,159500,130500,127700,127700,1.31E+05,130500,136900,135400,138400,136500,151400,152300,147300,135500,136800,146500,144900,141100,132700,155400,157700,151400,152700,153800,167400,150100,152300,149900,151900,161900,168400,169300,159400,155500,1.56E+05,157200,162800,160200,168500,172400,168600,163200,151600,154200,1.55E+05,155700,1.57E+05,149700,150700,150500,155700,157100,158700,161900,164500,166100,177600,182200,183700,179700,179300,180400,176400,170800,171100,164600,169900,1.68E+05,172300,,,,,,,
40070,North Royalton,Ohio,1477,,,,,,,,,,,,,,,,,,,,,,,,,,,,,,,,,,,,,,,,,,,,,,,,,,,,,,,,,,,,,,,,,,,,,,,,,,,,,,,,,,,,,,,,,,,,,,,,,,,,,,,,,,,,,,,,195300,183400,195900,176800,186200,1.82E+05,200400,208700,208800,207200,203200,2.11E+05,208300,198600,1.91E+05,202100,215100,213700,208700,238900,226500,221100,184200,210500,231100,228400
16104,Tiffin,Ohio,1605,,,,,,,,,,,,,,,,,,,,,,,,,,,,,,,,,,,,,,,,,,,,,,,,,,,,,,,,,,,,,,,,,,,,,,,,,,,,,,,,,,,,,86800,84200,82600,84800,79500,81200,87300,96600,97400,105300,105300,94300,78300,79300,89900,85800,84600,77100,85100,84800,100900,108200,111100,108400,104200,106500,99900,94400,88400,89900,86100,91300,93300,95400,9.00E+04,8.30E+04,92600,95400,105800,98800,101300,89500,99200,97800,107600,103300,112100,110800,91500,75500,77300,99300,
54377,Shaker Heights,Ohio,1640,,,,,,,,,,,,,,,,,,,,,,,,,,,,,,,,,,,,,,,,,,,,,,,,,,,,,,,,,,,,,,,,,,,,,,,,,,,,,,,,1.73E+05,183100,189300,155400,150200,156900,199300,198300,198700,192100,187600,183500,197700,170700,169500,165200,198300,180700,178600,182200,197800,184800,190900,191800,187300,159200,149600,162200,183700,185400,177100,166200,165100,166600,179800,180500,198700,192200,202300,198400,190700,174300,173400,180100,182600,174300,203700,230600,231500,193200,191700,196700,2.12E+05,197500,193800,189600,194300,192300
33291,Oxford,Ohio,1688,,,,,,,,,,,,,,,,,,,,,,,,,,,,,,,,,,,,,,,,,,,,,,,,,,,,,,,,,,,,,,,,,,,,,,,,,,,,,137100,141400,149100,148800,155600,161300,1.73E+05,168500,161400,176400,179900,174900,159800,147400,144300,139100,144300,149500,149200,155800,148400,150300,151900,172900,176200,182400,176100,182400,174900,170200,143600,142600,150500,175400,179300,173100,172700,179600,185400,191100,197300,217300,209700,198100,1.91E+05,185200,186300,175300,196400,199300,198600,177800,176300,174400,1.79E+05,173800,195600,215400,206600,186600,
43407,Maumee,Ohio,1736,,,,,,,,,,,,,,,119300,120500,130100,139700,145800,157200,158200,154100,148900,1.47E+05,141600,141200,144800,154300,166200,156900,159600,151800,178300,167100,165400,151500,155100,145600,158700,157700,1.62E+05,137500,137900,147900,156700,140900,142100,1.39E+05,148900,1.38E+05,143600,158500,147900,134400,125700,136300,142600,137700,136300,137200,147700,1.43E+05,161300,159400,169400,147800,145100,1.49E+05,148400,152500,139900,178500,1.74E+05,178600,139400,147200,152800,161500,157800,1.54E+05,144400,138100,141400,142700,153100,154400,155700,150300,148700,155500,159700,160100,172900,171600,180100,156100,154900,146100,1.59E+05,156300,155300,149200,151600,156400,159600,163100,169400,1.72E+05,170200,172500,177400,179600,174800,163700,163300,160600,1.80E+05,181100,201100,191700,187400,170500,160600,162800,151800,157500,162900,171500,161300,152300,163100,181200,180800,170900,171900,176700,
10249,Barberton,Ohio,1742,,,,,,,,,,,,,,,,,,,,,,,,,,,,,,,,,,,,,,,,,,,,,,,,,,,,,,,,,,,,,,,,,,,,,,,,,,,,,,,,,,,,,,,,,,,,,,,,,,,,,,,,,,,,,,,,,70200,69400,64200,66500,6.60E+04,69600,7.00E+04,76200,83700,84100,74500,64300,62600,67900,72900,74500,84500,87700,87200,84900,85800,84400,73500,7.20E+04,80300
11698,Green,Ohio,1759,,,,,,,,,,,,,,,,,,,,,,,,,,,,,,,,,,,,,,,,,,,,,,,,,,,,,,142500,137100,158800,165400,1.57E+05,118600,127400,131900,142200,129200,127500,135800,158900,167800,169900,152900,175100,171900,168500,136800,1.43E+05,1.53E+05,1.63E+05,162700,159800,165900,161300,149300,154400,172200,184900,179900,166300,161200,163300,166900,166800,161400,156100,156600,154900,154300,153700,152200,161800,1.59E+05,168300,161300,159900,154400,160400,170100,174700,177100,175400,1.73E+05,167200,165600,170800,163100,170800,166800,177100,171800,169200,166700,186100,200500,204600,190900,180900,180100,188100,182900,182900,169500,194900,207100,216700,197100,192900,196700,1.99E+05,2.08E+05
53547,New Philadelphia,Ohio,1767,,,,,,,,,,,,,,,,,,,,,,,,,,,,,,,,,,,,,,,,,,,,,,,,,,,,,,,,,,,,,,,,,,,,,,,,,,,,,,,,,,,,,,107600,111400,107500,109500,107300,111200,111400,1.20E+05,121200,120600,106400,108900,113900,117900,118300,110300,110100,111100,109100,111700,107900,118600,121100,119400,103600,104400,108200,121200,110300,106800,1.08E+05,110500,114400,102700,1.07E+05,107100,114200,107900,103900,104900,111900,125900,118800,129200,125300,137400,135100,1.30E+05,117900,118700,119200,
42786,Riverside,Ohio,1913,,,,,,,,,,,,,,,,,,,,,,,,,,,,,,,,,,,,,,,,,,,,,,,,,,,,,60400,60300,6.10E+04,64100,6.80E+04,78700,70900,63600,52500,51500,56800,62200,68700,60300,66400,56800,71300,64100,68500,74300,73600,80500,73800,69300,65200,67600,70600,70700,73400,7.50E+04,74900,6.90E+04,69300,6.10E+04,57600,55200,61100,62400,61500,70900,69300,70600,71900,74900,80200,79700,78700,76100,77100,79800,8.50E+04,82600,81800,81100,84500,8.20E+04,79300,76700,78300,79700,80800,80500,78700,75800,77300,82100,84400,90400,88900,91300,95900,106500,107800,96400,98800,9.70E+04,108500,106100,107600,93700,8.30E+04,78300,79100,83200,
13896,Solon,Ohio,1938,348900,331800,332200,255900,2.35E+05,253300,234700,257600,229900,242200,211100,229300,254300,245900,246500,227500,2.47E+05,243800,227100,2.24E+05,211300,249900,261700,264500,232900,234600,245400,263900,242300,2.25E+05,215500,213500,2.19E+05,2.36E+05,257300,290100,263300,247800,2.46E+05,248700,241600,201300,221900,238200,240700,271500,3.03E+05,306100,284800,257600,2.61E+05,2.27E+05,220300,2.17E+05,226500,254600,240800,225200,185200,195100,228100,238700,249900,233700,242300,235400,232700,214900,216400,219400,283300,283400,2.73E+05,220900,223300,239900,2.37E+05,2.68E+05,286600,304700,297300,298500,299300,305400,295700,286100,256800,248300,249200,252300,245800,241600,257100,246700,272700,2.64E+05,269700,2.43E+05,244800,241300,232100,230800,224400,237200,222200,2.37E+05,259700,267300,274300,251500,260300,254500,271500,268800,270200,265400,271300,264800,250300,263500,2.74E+05,291400,291900,297100,282500,271400,268200,271200,267200,264900,272500,268100,291800,3.00E+05,314400,293300,279300
7510,Twinsburg,Ohio,1960,,,,,,,,,,,,,,,,,,,,,,,,,,,,,,,,,,,,,,,,,,,,,,,,,,,,,,,,,,,,,,,,,,,,,,,,,,,,,,,,,,,,,,,,,,,,,,,,,,,,192600,196200,199600,191500,172300,172500,186700,203600,206500,185300,176400,172700,195900,207400,205600,189600,184500,194400,203700,186500,184300,179600,188100,183300,186700,1.82E+05,1.96E+05,198100,224900,233900,227700,229500,242100,236800,213100,168100,1.77E+05,180600
10776,Chagrin Falls,Ohio,1963,238500,258900,220700,259200,246300,283600,263900,281800,271500,259900,249200,236300,221500,230300,220800,273900,252300,2.39E+05,220200,228400,239100,229500,243400,247900,263600,274600,294200,274800,255600,234400,244400,239700,258300,252400,252100,230200,225500,258800,257500,276800,237200,249100,224300,218100,206300,202600,209500,216800,235500,2.33E+05,222700,224800,242100,234400,227800,215200,238200,238600,275300,271200,289900,260400,265200,251100,249100,248800,2.55E+05,255400,259700,278700,331300,341700,311900,279600,264500,271900,255400,251400,250100,240800,255700,252300,277400,256300,271900,243900,250300,268200,287300,284800,266800,295100,2.87E+05,274600,232200,2.45E+05,2.65E+05,273500,280500,2.68E+05,268400,272700,2.77E+05,284800,282200,276300,270400,269800,269500,269400,272500,296500,300300,304100,285400,301900,295400,313300,302900,314100,292200,298300,293500,307800,301100,304300,283100,301500,299200,311200,269500,234900,252300,269600,3.01E+05,303500,320600
19190,Maple Heights,Ohio,1975,,,,,,,,,,,,,,,,,,,,,,,,,,,,,,,,,,,,,,,,,,,,,,,,,,,,,,,,,,,,,,,,,,,,,,,,,,,,,,,,,,,,,,,,,,,,35600,34800,32400,32100,35100,40400,42400,41500,35100,3.40E+04,36300,38200,37900,37800,40300,42300,42600,42400,42800,40400,41400,44100,45800,45800,45500,48200,46600,45500,43700,45800,44300,46300,44800,49300,51500,59200,59100,60200,53400,51500,52200,57800,57900,54300,49600,51400
7954,Willoughby,Ohio,1986,,,,,,,,,,,,,,,,,,,,,,,,,,,,,,,,,,,,,,,,,,,,,,,,,,,,,,,,,,,,,,,,,,,,,,,,,,,,,,,,,,,,,,,,,,,,,,,,132700,133200,146700,129300,132500,136100,139500,139600,1.32E+05,135900,142200,140900,130300,1.24E+05,133400,1.48E+05,142100,140100,1.37E+05,139900,138800,142500,143300,147900,145600,152200,140800,140300,1.56E+05,156800,161600,144600,149600,145300,1.55E+05,155700,154500,146800,151500,152100,157300,151300
10694,Canfield,Ohio,1988,,,,,,,,,,,,,,,,,,,,,,,,,,,,,,,,,,,,,,,,,,,,,,,,,,,,,,,,,,,,,,,,,,,,,,,,,,,,,,,,,,,,,,,,,,,,,,,,,,,,,,,,207900,177300,183500,217700,219200,197500,160900,1.52E+05,158200,146300,155400,154900,160600,1.68E+05,202100,208700,216100,203200,209200,206600,186200,173600,172900,1.79E+05,178400,1.66E+05,179100,216300,210500,207300,178800,197300,199200,1.95E+05
56087,Olmsted Falls,Ohio,1993,,,,,,,,,,,,,,,,,,,,,,,,,,,,,,,,,,,,,,,,,,,,,,,,,,,,,,,,,,,,,,,,,,,,,,,,,,,,,1.50E+05,147400,143900,148800,149200,153300,149400,140700,146300,140100,141600,132500,144100,145100,146100,144100,139500,1.41E+05,135800,1.45E+05,140800,147200,141600,1.50E+05,155600,170200,163600,154700,1.44E+05,153700,140300,159900,157500,171500,160600,155800,159700,161500,167900,172100,1.74E+05,163300,163300,158100,174600,164800,1.63E+05,152100,166600,180100,181700,180800,170300,1.73E+05,167600,194100,201200,202600,177600,170500,173500
50815,Avon,Ohio,1995,,,,,,,,,,,,,,,,,,,,,,,,,,,,,,,,,,,,,,,,,,,,,,,,,,,,,,,,,,,,,,,,244700,2.41E+05,248700,261100,233900,241300,241400,299800,285900,2.72E+05,244900,249500,255700,263300,266600,276200,265700,259700,276700,272600,272200,259400,265300,267900,273400,268200,272200,256200,2.62E+05,255400,253400,261700,273300,279800,279100,273400,277300,282700,281600,289300,281900,289200,275600,234900,236300,2.37E+05,247700,2.38E+05,249400,2.68E+05,256100,242300,248800,253700,267200,294500,290700,286300,255400,273400,271100,284900,277600,280400,270800,245200,246200,256700,309700,307600,287400,288500,297100,328300
52591,Hudson,Ohio,1996,307900,252200,265800,275900,286900,2.95E+05,2.80E+05,328800,322100,330300,265100,247600,227500,221400,224500,228100,247200,260600,258900,274400,271300,285700,297100,331600,313600,279600,234400,2.57E+05,276100,300500,304400,308900,291600,2.87E+05,244500,248400,245200,261500,262200,247700,249800,2.54E+05,265600,253500,255100,259800,315300,304900,2.99E+05,261500,256400,267900,284800,294400,278400,272600,286200,309600,287700,267200,244900,252500,273800,285300,279200,2.69E+05,263400,311100,322400,325700,296100,297100,310700,321600,310900,301400,295600,299900,294200,285100,283900,2.81E+05,262300,236700,241800,257800,286600,293100,2.98E+05,292400,293900,290400,289700,302200,3.13E+05,314500,303600,294400,300200,294300,307700,313800,331700,329500,3.29E+05,322900,331900,334400,330500,324900,311900,304700,2.96E+05,3.11E+05,315300,329300,3.29E+05,3.36E+05,324300,333600,324900,330400,336200,362600,368300,370100,339900,340700,311600,296200,310700,350900,376200,357200,330900,313100,312700
8165,Chardon,Ohio,2000,,,,,,,,,,,,,,,,,,,,,,,,,,,,,,,196600,208700,185600,198300,205100,203400,178600,164900,175300,199100,187800,192100,187900,195300,176100,190600,210900,208100,196200,169200,1.91E+05,191600,203200,1.96E+05,185600,177700,172200,170300,169800,176200,1.84E+05,169200,170700,171100,181900,187200,192300,196400,191200,190700,194700,1.94E+05,194900,199800,194400,213500,216200,2.26E+05,207100,208400,1.97E+05,190800,180700,1.81E+05,188200,1.90E+05,189600,1.85E+05,1.97E+05,196700,190600,177300,188400,196600,204200,214400,215600,212600,2.03E+05,198600,1.93E+05,1.91E+05,193800,204700,199400,202900,247400,251200,240800,185800,188900,202800,2.09E+05,205500,204700,1.99E+05,214300,2.14E+05,245700,224500,212400,193200,218900,239800,244500,247700,227500,201300,185200,214500,2.33E+05,2.47E+05,218800,197400,1.88E+05,179800,200800
10764,Centerville,Ohio,2013,156300,160100,181900,169900,157700,152700,164200,169400,151400,137900,132200,140700,145900,151500,146200,141200,140200,141600,150400,148800,1.46E+05,137500,136600,134800,143900,147400,168300,163500,178700,170200,174300,150100,154900,156700,157200,154500,140100,147100,153300,162700,156800,144400,135800,151400,144900,142400,109800,107700,116600,130400,143900,135800,142200,135300,148700,152400,159200,150300,152500,148400,144400,138600,149900,164700,171500,162900,162800,158200,144300,144200,144300,165200,159600,1.61E+05,151100,152800,153400,159500,1.59E+05,158200,151500,1.58E+05,152600,138900,127900,131200,157300,158100,154800,145200,150300,152600,152100,149600,162100,1.53E+05,161800,159200,169100,169800,164100,1.67E+05,166300,165800,1.65E+05,160700,1.44E+05,146700,148300,1.85E+05,182400,1.85E+05,163400,160600,157300,162700,177700,166300,165400,1.56E+05,180900,182800,189900,187900,186700,186100,185800,192100,187600,183600,183200,181800,183100,191800,199800,193800,190500
34049,South Euclid,Ohio,2038,,,,,,,,,,,,,,,,,,,,,,,,,,,,,,,,,,,,,,,,,,,,,,,,,,,,,,,,,,,,,,,,48800,54900,59400,6.30E+04,53400,56300,59900,67800,72100,61200,63400,6.30E+04,74500,71900,65100,61200,67900,71200,69500,6.70E+04,62300,64600,59200,70600,68600,72900,6.40E+04,66600,64300,6.40E+04,66800,71900,73700,66800,66900,66100,75300,7.60E+04,78700,77200,67600,65800,61400,71200,77200,82600,87900,87300,84500,78900,78700,81600,83600,83500,86200,86300,87100,8.80E+04,91500,92100,92400,85900,84900,7.90E+04,76400,7.40E+04,74300,81200,7.90E+04,81800,90500,102100,108200,102300
22553,Springboro,Ohio,2070,,,,,,,,,,,,,,,,,,,,,,,,,,,,,,,,,,,,,,,,,,,,,,,,,,,,,,,,,,,,,,,,,,,,,,,,,,,,,,,,,,,,,,,,,,,,,,,,,217900,217600,223400,223500,217400,214600,220800,237300,252200,251900,252600,244400,236700,234700,226500,236800,234900,244800,243800,250500,244700,242200,236100,232200,240700,240700,249500,2.49E+05,241300,246500,2.38E+05,257100,246600,2.52E+05,233400,226700,233800,253900,264400,278200,
30723,Canal Winchester,Ohio,2101,,,,,,,,,,,,,,,,,,,,,,,,,,,,,,,,,184700,174700,190300,166700,174300,152600,156700,154500,166700,177700,158700,171500,169600,180900,159400,134500,160500,1.66E+05,179300,156300,163800,166500,168300,170200,213900,210200,218600,173700,175100,161800,171600,173900,1.73E+05,169600,173400,173100,175900,181700,185300,186900,1.89E+05,182300,181100,180400,183300,177400,174800,2.03E+05,226300,216500,187100,172400,180200,191200,1.87E+05,183100,175900,185500,189800,1.90E+05,180700,161900,1.65E+05,163500,191300,190800,1.95E+05,196500,201600,209100,211600,214400,226400,208700,211500,179600,197400,201200,213800,217700,232300,244400,247100,237700,2.38E+05,238600,236700,218300,238300,225200,243900,225300,237300,240300,221500,231300,242800,237300,231900,217200,2.57E+05,260500,263900,254400,244500
14933,Avon Lake,Ohio,2121,,,,,,,,,,,,,,,,,,,,,,,,,,,,,,,,,,,,,,,,,,,,,,,,,,,,,,,,,,,,,,,,,,,,,,,,,,,,,,,,,,,,,,,,,,,,,,,,,,215200,216800,209400,216900,216700,210800,203800,209100,202400,211700,205900,206100,199800,204900,211200,203500,213600,211100,2.20E+05,218700,208700,201400,205600,2.10E+05,237300,235400,248800,225700,207200,216800,2.15E+05,237200,218200,2.39E+05,242200,257100,257200,241500,232100,237900
46320,Louisville,Ohio,2146,,,,,,,,,,,,,,,,,,,,,,,,,,,,,,,,,,,,,,,,,,,,,,,,,,,,,,,,,,116200,115600,99700,113700,117200,112400,113500,117700,122400,114100,118100,115900,1.22E+05,116600,124800,126800,118600,111100,105200,1.24E+05,126900,135700,130200,132500,127900,126900,112600,1.16E+05,120500,132800,124500,118600,119700,129100,125100,117900,115400,125300,131600,124700,122600,120100,126600,118500,115100,109600,1.19E+05,1.29E+05,131900,129900,121700,1.25E+05,124600,133500,136600,135500,134500,136600,133800,133600,133900,139600,131900,127200,124200,135400,140900,150800,151800,144900,143700,139200,144500,136900,1.26E+05,121400,119800,130600,141100,150800
16560,Parma Heights,Ohio,2152,,,,,,,,,,,,,,,,,,,,,,,,,,,,,,,,,90700,92900,88600,89700,80200,80100,82900,85600,83200,91100,85900,78300,7.10E+04,74300,90700,84500,86900,76700,77800,77400,70100,68400,6.50E+04,72500,73700,75100,76800,81400,84800,76100,73100,70300,85200,88500,90400,84200,82200,86100,103700,100800,94700,87600,91900,96700,92800,96100,86400,78700,71100,7.80E+04,79900,85600,93100,94500,94300,89300,89700,8.70E+04,90100,83500,87200,84700,94100,95700,96300,97500,101200,99600,95900,94600,94600,101600,109300,1.12E+05,112300,1.11E+05,112200,110300,114300,113800,111700,107800,111700,120700,124700,122200,119500,115500,117600,115500,115600,118900,120400,118700,115100,114600,120500,122800,130400,128200,123600,121200,124600,126700,121500
19628,Niles,Ohio,2185,,,,,,,,,,,,,,,,,,,,,,,,,,,,,,,,,,,,,,,,,,,,,,,,,,,,,,,,,,,,,,,,,,,,,,,,,,,,,,,,,,,,,,,,,,,,,,,,,,,,,,,48600,51700,56200,64300,64200,6.70E+04,59400,59100,55400,52300,55900,50100,54500,55400,58200,62200,56600,56100,56800,60200,66400,64300,68500,61600,61900,54500,55200,55400,58900,64100,73700,75200,7.40E+04,60400,
13043,Northfield,Ohio,2187,,,,,,,,,,,,,,,,,,,,,,,,,,,,,,,,,,,,,,,,,,,,,,,,,,,,,,,,,,,,157200,145300,1.21E+05,129400,1.28E+05,135800,148400,158100,159300,163500,154700,163100,155300,163400,169400,168200,169700,153600,147600,142700,150200,148700,148700,148400,156900,161700,156200,154800,154300,153300,157400,1.53E+05,156400,160800,172700,164500,159100,152900,151600,140500,139600,149300,156300,157500,158700,1.60E+05,159200,159300,1.61E+05,144100,154200,159700,184900,189300,185100,184400,171600,170400,176900,2.00E+05,201200,180900,157600,159400,165600,167900,167300,170500,170400,176700,181400,184800,172800,163100,154300,156800,157500,173800
31993,Heath,Ohio,2211,,,,,,,,,,,,,,,,,,,,,,,,,,,,,,,,,,,,,,,,,,,,,,,,,,,,,,,,,,,,,,,,,,,,,,,,,,,,,,,,,,,,,,,,,,,,,,,,,,,,,,,,,,,,,139500,138700,155600,149400,1.56E+05,156300,1.57E+05,151900,148900,151100,150100,144100,143800,150200,151400,145200,138500,162400,165400,1.77E+05,162400,159300,149700,144500,173300,182500,193700,180100,
19698,Norwood,Ohio,2213,,,,,,,,,,,,,,,,,,,,,,,,,,,,,,,,,,,,,,,,,,,,,,,,,,,,,,,,,,,,,,,,,,,,,,,,,,,,,,,,,,,,,,,,,,,,,,,,,,,121200,121300,121500,117600,120800,117700,135100,138600,1.43E+05,134100,127200,1.31E+05,126300,134100,121100,128200,1.16E+05,130300,136800,140400,135700,134400,132300,130200,132200,129700,1.47E+05,143800,140500,1.36E+05,1.38E+05,140500,148300,147500,166500,156500,166900,157300,
54194,Rocky River,Ohio,2260,,,,,,,,,,,,,,,,,,,,,,,,,,,,,,,,,,,,,,,,,,,189200,175200,177200,169900,170300,1.50E+05,155100,176500,1.81E+05,177600,166300,192100,2.08E+05,211100,2.00E+05,202400,215100,216100,1.90E+05,163200,1.58E+05,170600,182700,181300,186800,192400,210500,210200,190200,183300,184900,193200,184200,181300,189700,208500,215300,207600,197300,1.91E+05,198400,1.95E+05,206600,2.43E+05,238700,225200,181900,180600,171300,185200,192200,209300,1.91E+05,193600,188500,196500,201300,199500,201800,201300,200500,2.00E+05,191300,194600,203600,201600,211800,223300,239700,236600,219100,208300,208700,203900,202700,194600,211500,211500,206700,215600,223200,237100,214700,226700,236400,228500,230600,214500,232500,208100,200800,202600,209100,217400,2.21E+05
5846,Mayfield Heights,Ohio,2286,,,,,,,,,,,,,,,,,,,,,,,,,,,,,,,,,,,,,,,,,,,,,,,,,,,,,,,,,,,,,,,,,,,,,,,,,,,,,,,,,,,,,,,,108900,115600,131900,1.33E+05,1.35E+05,133300,139100,119100,113400,110400,123800,124100,119500,117200,120300,123800,127300,122400,118900,124300,129300,137300,132900,132300,140600,143200,144500,134500,133400,132900,1.36E+05,131400,132700,129200,132700,1.29E+05,1.29E+05,135300,1.47E+05,1.52E+05,145500,133300,125200,129600,1.38E+05,142700,140900,143900,139600,144200
17184,Brook Park,Ohio,2287,,,,,,,,,,,,,,,,,,,,,,,,,,,,,,,,,,,,,,,,,,,,,,,,,,,,,,,,,,,,,,,,,,,,,,,,,,,,,,,,,,,,,,100100,99100,95400,101900,100300,102100,84800,8.40E+04,85700,99800,102900,102400,102700,106300,107100,108300,106600,110300,113100,114400,113600,111200,103200,105500,110500,115700,116700,111600,119900,122300,123100,120200,117300,124200,125800,1.25E+05,121100,120300,123800,121500,123100,127800,133700,135400,130400,1.31E+05,120700,1.26E+05,129900,140100,137500,132300
10363,Berea,Ohio,2294,,,,,,,,,,,,,,,,,,,,,,,,,,,,,,,,,,,,,,,,,,,,,,,,,,,,,,,,,,,,,,,,,,,,,,,,,,103900,106800,1.05E+05,104400,109300,107800,99700,92800,97900,107300,114700,118200,119400,126600,121400,122100,107400,113500,110300,117300,100700,110800,113700,122300,113500,1.12E+05,113500,116400,116100,117400,120800,124500,126800,115700,114800,113500,117600,118900,122100,125500,122400,122300,126500,125100,130400,127700,129800,134100,141200,141100,137600,1.31E+05,132900,137500,147600,151100,148100,150800,1.47E+05,148300,131400,1.35E+05,131200,136700
52056,Forest Park,Ohio,2295,,,,,,,,,,,,,,,,,,,,,,,,,,,,,,,,,,,,,,,,,,,,,,,,,,,,,,,,,,,,,,,,,,,,,,,,,,,,,,,,,,,,,,,,,,,,,,,,,,,,,,98200,81900,87700,8.30E+04,85300,83900,9.50E+04,103600,109500,107900,1.06E+05,109100,114400,118200,115500,119600,127700,128900,118600,1.07E+05,103600,110700,106400,112200,1.15E+05,124200,122100,1.20E+05,1.28E+05,126300,136800,130200,127200,122700,126200,
51827,Eastlake,Ohio,2333,,,,,,,,,,,,,,,,,,,,,,,,,,,,,,,,,,,,,,,,,,,,,,,,,,,,,,,,,,,,,,,,,,,,,,,,,86800,90800,89300,79100,81100,83700,89900,84700,85300,107400,105900,102300,84700,83200,82900,79700,81800,80500,92800,95600,99900,98200,107900,116200,118400,113800,112100,104100,98800,100700,104500,105800,100200,99600,97800,110900,111700,113900,104200,1.13E+05,113200,109800,96300,97100,97700,100600,106600,116500,116100,113200,102900,109200,104800,104700,1.04E+05,114200,110900,1.20E+05,118900,127500,119700,118600,120200,126100,1.27E+05
24182,Concord,Ohio,2343,,,,,,,,,,,,,,,,,,,,,,,,,182900,191700,169300,1.68E+05,192800,201800,220900,204400,198900,1.92E+05,173500,207500,195500,204500,186300,184300,197700,172800,159200,157100,165300,197300,194300,194700,183500,176100,169500,168200,176900,1.97E+05,203900,205900,187700,188500,189300,219600,216300,207700,200500,201300,213300,204400,195500,192500,189500,191900,181600,191200,207900,217300,195500,182400,188100,1.93E+05,197700,200600,228900,210800,192900,173800,182300,199300,2.08E+05,203800,190700,200500,220600,222500,1.92E+05,208700,242800,251500,198700,172100,173900,215300,211500,205900,195200,201100,205300,225300,220600,220400,198300,202100,205100,213400,208800,218500,2.15E+05,206300,209900,209800,242800,231500,242600,202600,216800,218200,235900,223100,2.09E+05,194900,196200,204100,225100,209100,202100,199900,210500,206900,202300
16122,Tipp City,Ohio,2362,,,,,,,,,,,,,,,,,,,,,,,,,,,,,,,,,,,,,,,,,,,,,,,,,,,,,,,,,,,,,,,,,,,,,,,,,,,,,,,,,,,,,,,,,,,,1.72E+05,151300,1.51E+05,153200,170200,171400,164800,159600,163200,161900,160900,152700,169700,181800,201400,181200,188600,167800,176600,163800,179800,164600,1.68E+05,167600,167600,160600,155100,162800,176600,179500,189400,181800,178500,178600,1.87E+05,191300,199200,202600,200700,182200,172200,170200,177500,181200,185600,182100
55314,Copley,Ohio,2393,,,,,,,,,,,,,,,,,,,,,,,,,,,,,,,,,,,,,,,,,,,,,,,,,,,,,,,,,,,,,,,,,,,,,,,,,,,,,,,,,,,,,,,,,,,193400,1.91E+05,186900,209200,195700,172200,1.48E+05,141900,167900,185900,181100,189500,170900,166500,157500,163300,169700,177800,1.74E+05,179900,173300,174900,1.75E+05,1.72E+05,182500,188200,196300,187700,187300,196400,215100,223800,217200,199400,187300,187100,207500,209600,193600,174800,169700,170700,174400,174900,198800,212500,2.32E+05
23228,Dover,Ohio,2395,,,,,,,,,,,,,,,,,,,,,,,,,,,,,,,,,,,,,,,,,,,,,,1.03E+05,94500,101500,86400,89100,108200,115900,113300,93300,105200,103300,98300,100100,103400,117800,112200,118400,112700,120400,126400,127900,1.30E+05,122300,119600,112300,111500,103800,124600,124200,134800,111400,108300,107400,107800,117800,112400,124800,116600,138600,135800,128400,1.10E+05,110900,125300,123700,119200,112500,120500,120400,130800,1.35E+05,135500,133200,123600,129400,124500,124600,119500,125700,125800,125200,123500,121100,120900,118200,124800,119400,118900,117900,122900,120700,122200,1.19E+05,1.25E+05,118800,123100,118900,117800,113100,120300,128800,130400,135300,125800,131600,121600,137200,151100,155700,150400,139500,
20745,Tallmadge,Ohio,2396,,,,,,,,,,,,,,,,,,,,,,,,,,,,,,,,,,,,,,,,,,,,,,,,,,,,,,,,,,,,,,,134400,129800,130700,134800,1.33E+05,138400,138300,145200,145100,138600,135700,138500,148800,146800,150800,144500,150800,151100,154600,148200,125200,1.32E+05,137200,158200,149800,147800,143800,143200,145200,1.43E+05,142700,128900,129200,129400,142600,150900,146300,143800,137500,146300,153100,155900,150900,149500,152700,160900,159600,152500,150800,157100,163100,1.62E+05,152500,147800,152500,156500,160600,150700,146500,144600,151700,1.61E+05,166100,173700,171700,176100,170400,174200,198800,197200,188500,160100,1.65E+05,177600,182600
15156,Eaton,Ohio,2476,,,,,,,,,,,,,,,,,,,,,,,,,,,,,,,,,,,,,,,,,,,,,,,,,,,,,119400,1.20E+05,111200,101200,83300,100600,100600,107400,84900,82500,7.40E+04,82500,83500,85200,8.70E+04,92400,97500,9.90E+04,96500,88800,86900,94800,99200,95500,88100,104300,112200,117300,1.03E+05,120600,124700,121600,102600,97200,104100,101100,107700,104600,107700,102700,109200,107900,109100,92100,101500,111700,1.20E+05,118300,111700,118100,111100,107900,105700,109300,103500,118100,119900,126400,114500,128600,130600,132400,118300,116400,110800,129200,135100,1.46E+05,129700,123300,126200,129200,132800,1.26E+05,121500,122100,118200,139200,123900,126400,118800,145900,145400,1.41E+05,
55335,Cortland,Ohio,2477,,,,,,,,,,,,,,,,,,,,,,,,,,,,,,,,,,,,,,,,,,,,,,,,,,,,,,,,,,,,,,,,,,,,,,,,,,,,,,,,,,,,,,,,,,,,,,,,,,,,,,,101500,102400,103400,103400,108900,107700,110800,105500,119100,116300,116300,112600,116700,111900,116700,121300,1.34E+05,134700,136200,134200,127600,121400,118900,126900,129700,128200,128600,124700,1.40E+05,149100,161900,155600,146700,129600,127700
47131,Piqua,Ohio,2491,,,,,,,,,,,,,,,,,,,,,,,,,,,,,,,,,,,,,,,,,,,,,,,,,,,,,,,,,,,,,56300,63100,72200,74700,7.40E+04,70600,61400,58900,59100,69100,66900,67100,5.70E+04,6.10E+04,60900,6.30E+04,62700,61700,68500,64600,64700,58100,60800,58100,59500,6.80E+04,71800,74600,67700,6.80E+04,65300,64500,62200,62700,61700,69700,6.90E+04,67900,61600,64500,64900,67300,6.80E+04,72600,82600,84900,89800,8.00E+04,83800,81800,83200,79100,76100,77200,79400,85400,87800,88200,85600,91300,98600,99400,93400,80700,73500,70300,7.60E+04,84100,86200,87300,78200,86700,91500,96700,91200,82800,91300
8640,Fairview Park,Ohio,2499,,,,,,,,,,,,,,,,,,,,,,,,,,,,,,,,,,,,,119100,121100,118300,113800,124300,121800,116300,126600,132700,1.43E+05,140400,144200,131800,127400,115300,114600,116600,124500,137300,135300,141400,138200,137600,124300,122400,113500,120600,121200,126900,122900,1.22E+05,124900,1.26E+05,124300,126100,138800,138300,139900,125900,125600,133300,142800,149800,146100,133100,139800,130100,146900,136600,143900,134700,136900,136900,1.38E+05,138600,139400,137100,140600,139400,1.45E+05,1.47E+05,149500,1.44E+05,141500,143400,144100,149100,146100,150200,143900,147700,149400,151800,147700,150800,156200,158500,156300,1.51E+05,153700,1.58E+05,161500,162200,1.60E+05,1.66E+05,171900,177600,175700,166100,164300,165400,166400,170100,173700,181400,172900,173300,169200,1.68E+05,158600,157800
4119,Clayton,Ohio,2562,,,,,,,,,,,,,,,,,,,,,,,,,,,,,,,,,,,,,,,,,,,,,,,,,,,,,,,,114200,108300,1.09E+05,1.05E+05,99100,110500,107700,110800,102700,104400,1.03E+05,103400,101100,107300,104100,115900,115500,115100,99900,103200,107500,112500,114900,104900,110400,108700,120600,118700,118100,112800,109400,106900,111700,111800,107800,104800,108400,106800,110300,103600,121100,118600,1.13E+05,106500,105100,117100,1.17E+05,128500,128600,129700,117900,139100,134500,144400,125500,124500,119300,117300,122100,115800,110300,107300,115200,120400,125200,1.50E+05,162400,161400,135400,127200,132300,1.29E+05,124700,120900,132300,144100,1.50E+05,148600,143500,142500,138900,
36612,Amherst,Ohio,2574,,,,,,,,,,,,,,,,,,,,,,,,,,,,,,,,,,,,,,,,,,,,,,,,,,,124500,148300,141100,148800,132200,1.13E+05,112900,1.07E+05,1.15E+05,124800,143100,146300,135100,123200,126100,138300,1.44E+05,144800,137600,144200,146900,127600,124400,118800,134700,127500,125800,121300,122700,126300,122300,121900,1.21E+05,140500,1.49E+05,1.48E+05,141800,147100,146900,145500,138400,157500,160900,156100,120200,112200,114700,141400,145200,151100,1.43E+05,148600,150400,150400,151500,146900,137400,134200,131400,143100,149800,152100,161300,156200,157900,144400,146600,166300,178400,172800,1.46E+05,143200,156600,171100,1.68E+05,155800,152700,146800,152400,156400,151300,170500,162500,187100,172100,177800,164200
19346,Middleburg Heights,Ohio,2579,,,,,,,,,,,,,,,,,,,,,,,,,,,,,,,,,,,,,,,,,,,,,,,,,,,,,,,,,,,,,,,,,,,,,,,,,,,,127400,132100,134900,131500,124900,125200,128900,129700,130300,137800,128600,135500,129600,131400,128200,116100,121800,119500,128500,131100,1.34E+05,137600,141700,141900,142900,138500,139400,140700,144400,151600,150900,155500,142300,136700,126400,1.35E+05,137200,148200,159300,166100,164300,158500,154400,145900,141800,145700,155200,161800,156200,144500,137400,146400,1.55E+05,157500,149700,156900,167400,182300,1.77E+05,163700,1.56E+05,1.51E+05
16847,Aurora,Ohio,2582,,,,,,,,,,,,,,,,,,,,,,,,,,,,,,,,,,,,,,,,,,,,,,,,,,,,,,,,,,,,,,,,,235600,264800,265300,2.61E+05,258600,265100,259900,221700,2.22E+05,214300,244500,240700,236500,211500,215700,236500,234200,231500,231400,240100,2.44E+05,251900,248900,242500,240200,227500,2.27E+05,213100,226200,232300,232400,236900,240400,231500,217400,213900,224400,242600,238500,260800,247400,247600,233800,229700,2.28E+05,220100,252800,267300,278800,262100,266200,263500,271700,298800,276200,275700,242800,281600,2.82E+05,260900,237400,261400,2.83E+05,307600,272500,3.19E+05,327100,3.37E+05,319200,305800,2.99E+05,268600,257800
29540,Trenton,Ohio,2590,,,,,,,,,,,,,,,,,,,,,,,,,,,,,,,,,,,,,,,,,,,,,,,,,,,,,,,,,,,,,,,,,,,,,,,,,,,,,,,,,,,,,,,,,,,,,,,,,,,1.39E+05,137300,132700,134500,128800,127600,130700,1.35E+05,139900,136200,1.36E+05,135800,141900,1.46E+05,150800,154400,154800,152200,150300,152200,146200,147100,142700,152400,154800,155600,154400,148500,144600,148400,154600,156500,1.53E+05,1.54E+05,151700,149100,144800,148600,
55262,Worthington,Ohio,2618,229700,201100,195700,195300,208300,209700,202900,204900,228300,224500,215400,180900,1.77E+05,183800,212100,224600,216900,206200,200800,192200,186500,1.88E+05,201900,199300,214500,214100,2.02E+05,1.93E+05,204300,246100,246400,246300,2.25E+05,2.87E+05,280800,264600,223400,225200,233500,213200,213700,235200,233200,232400,234300,220100,223900,205600,2.10E+05,192800,182300,197200,2.16E+05,229500,218200,205900,196800,191600,193300,198400,206700,205300,206100,206500,2.14E+05,222200,229100,226500,220800,219700,216500,2.20E+05,241100,252700,235700,209100,194700,233300,233900,238500,211400,216600,215100,213200,220200,221100,233200,233900,243700,248800,249900,238300,243200,250300,269800,277900,271500,278200,262700,270400,252400,256800,275900,297300,2.97E+05,260700,263200,267800,291700,271300,287300,290300,316100,298800,290300,274100,285700,282500,323200,314400,348900,312500,314600,282400,285700,291300,280800,280200,279300,284800,283800,284500,281600,276100,272300,300300,318600
46783,North Canton,Ohio,2635,,,,,,,,,,,,,,,,,,,,,,,,,,,,,,,,,,,,,,,,,,,,,,,,,,,,,,,,,,119600,120700,118800,1.20E+05,121800,128500,127800,124700,121300,1.26E+05,129900,127800,118600,120400,115800,118900,117900,132800,137300,154400,153400,148500,129500,121100,116800,111100,105900,111700,117600,122600,116200,117700,114300,119500,118500,123400,127200,130600,137500,135800,134800,123800,122100,120200,129500,131700,135300,134300,135400,135200,137100,135600,139200,130300,130100,132500,132800,130700,126600,133900,144900,149800,154900,143400,134300,131300,142700,145200,139900,137600,139300,141300,143300,145500,142700,135700,134700,137300,1.39E+05,142300
50571,Vandalia,Ohio,2710,,,,,,,,,,,,,,,,,,,,,,,,,,,,,,,,,,,,,,,,,,,,,,,,,,,,,,,,,,,,,,,,,,,,,,,,,,,,,,,,,,,,,,,,,,,,,,,,,,,119100,126500,128900,130300,127800,130400,127900,135100,135700,128900,123300,125700,131800,126600,106600,105300,107100,124600,124900,125300,121200,1.21E+05,126900,130100,138200,140700,135300,142200,140700,139600,1.29E+05,124900,127800,126900,133900,144300,153600,151500,150500
16231,Uniontown,Ohio,2723,,,,,,,,,,,,,,,,,,,,,,,,,,,,,,,,,,,,,,,,,,,,,,,,,,,,,,,,134900,1.56E+05,146600,154200,150900,160800,149300,1.53E+05,172500,169100,171800,163600,1.70E+05,166400,151200,1.43E+05,145300,157800,173600,166800,158200,147600,152600,158800,161600,160500,159300,1.58E+05,144800,144700,141800,153900,155400,168700,168500,162200,147200,1.45E+05,152100,157300,155700,157800,142500,151400,152300,175800,177500,171400,193200,178600,192200,163500,187100,182100,187700,178400,175900,170500,168700,173400,178900,189700,183500,186200,198800,197300,190600,1.79E+05,179100,1.82E+05,172400,175300,194100,198300,209500,183500,184500,172900,186800,187200,197800,186800
23178,New Franklin,Ohio,2732,,,,,,,,,,,,,,,,,,,,,,,,,,,,,,,,,,,,,,89600,88100,102600,98300,101900,101100,105700,1.04E+05,107600,9.30E+04,102200,96800,118300,117700,111700,110600,108200,121300,109700,100600,103500,111100,105400,100300,106200,124500,124500,124100,122400,126300,133900,135700,122700,118200,110100,107300,103800,98300,110600,113600,123500,117100,108400,108400,112300,112500,113700,121100,120300,1.14E+05,107300,109600,1.29E+05,136500,140100,124100,126500,1.29E+05,134200,1.26E+05,115600,114300,121100,131800,129800,126200,123500,1.27E+05,122400,1.26E+05,110100,114200,121800,145300,151300,146300,136600,135900,140800,140500,146400,149500,154500,152300,1.49E+05,150600,147100,147300,145700,150500,146100,146100,135900,132500,129600,144300,151900,1.64E+05,159500,164400
34857,Willowick,Ohio,2754,,,,,,,,,,,,,,,,,,,,,,,,,,,,,,,,,,,,,,,,,,,,,,,,,,,,,,,,,,,,,,,,,,,,,,,,,,,,,,,,,,,,,,,,,,108700,106900,96600,94900,99100,108700,92900,92300,80500,98900,94200,1.01E+05,102800,112300,115700,1.10E+05,103300,100700,106100,104700,1.08E+05,1.06E+05,112200,112600,109300,1.08E+05,105100,111800,1.11E+05,112200,110200,112500,117200,120700,122500,124600,128800,122200,120900,116800,122600,119500,113700,116400,119900,1.24E+05,121200,123500
7677,Vermilion,Ohio,2773,,,,,,,,,,,,,,,,,,,,,,,,,,,,,,,,,,,,,,,,,,,,,,,,,,,,,,,,,,,,,,,,,,,,,,,,,,,,,,106800,111200,123300,1.26E+05,144100,123400,137600,127100,149400,129100,125200,100900,108900,123600,127400,137300,131500,139400,141900,160500,1.61E+05,152800,137100,134700,131700,133500,138600,137400,133900,126400,133100,127600,131600,127100,131300,126300,130100,132900,141500,141100,138100,136500,133100,135400,133500,140100,143700,137100,1.39E+05,1.20E+05,119400,111600,122500,129200,142400,138100,142900,135700,140200,152900
33348,Pataskala,Ohio,2786,,,,,,,,,,,,,,,,,,,,,,,,,,,,,,,,,,,,,,,,,,,,,,,,,,,,,,,,,,,,,,,,,,,,,,,,,,,,,,,,,,,,,,,,,,,243700,233700,2.43E+05,234700,233500,242800,236700,225300,185600,174100,169600,174900,170800,171300,168700,180300,178900,195100,1.90E+05,1.95E+05,180200,185900,184200,187300,186900,1.93E+05,1.95E+05,194900,1.93E+05,203500,214200,216200,211900,210400,217400,210500,207100,200400,209500,204100,207800,229500,250400,260400,242600,228700,219800
8823,Lyndhurst,Ohio,2796,150500,155900,145800,135500,1.35E+05,132800,136900,127400,122200,125600,116700,123700,123300,138800,128600,116400,108500,110600,115600,1.25E+05,125900,131400,123500,127800,129800,132500,130300,119800,1.18E+05,109200,112200,103400,97700,91100,9.90E+04,104900,100100,100300,109400,119700,115400,107700,93600,97900,1.05E+05,111300,109300,102300,113400,113500,108600,102100,94800,1.02E+05,92600,105500,99200,104700,93200,90200,94800,97400,100900,93300,102700,109500,124200,118800,120500,96400,98800,86400,111500,104800,110300,110600,114400,128800,121200,125700,114100,111600,110200,100900,89200,86700,102400,112900,114100,108400,108100,110800,105400,116700,108600,119800,107500,113600,1.10E+05,114300,113300,112300,109100,108400,112600,115800,116500,113700,114300,1.19E+05,120600,123300,120400,114900,113500,112700,120500,120800,131600,132600,132600,131500,133200,137700,129900,125600,124900,130400,134100,141800,134900,137500,140300,155500,156100,1.44E+05,138900
20448,Sharonville,Ohio,2825,,,,,,,,,,,,,,,,,,,,,,,,,,,,,,,,,,,,,,,,,,,,,,,,,,,,,,,,,,,,,,,,,,,,,,,,,,,,,,,,,,,,,,,,,,,,,,,,,138200,144800,135300,120900,114100,118900,131800,131400,130900,129300,125800,120900,145600,154800,159500,1.39E+05,130700,130800,125400,133500,148400,1.54E+05,160800,149900,162700,1.54E+05,158700,156300,163900,161400,150800,149100,149900,161400,165100,154500,149200,147900,154300,149900,
52194,Geneva,Ohio,2836,,,,,,,,,,,,,,,,,,,,,,,,,,,,,,,,,,,,,,,,,,,,,,,,,,,,,,,,,,,,,,,,,,,,,,,,,,,,,,,,,,,,,,,,,,,,,,,,,,,,,,,,,,,,,,,,106600,119500,116800,108600,108900,111600,98200,100400,101400,123200,124500,132500,104100,110700,107700,115200,9.60E+04,98100,88900,105700,101500,1.08E+05,91300,95900,105700,
39963,New Albany,Ohio,2860,,,,,,,,,,,,,,,,,,,,,,,,,,,,,,,,,,,,,,,,,,,,,,,,,,,,,,432100,417700,414200,354500,366200,369600,418300,423500,387400,366100,3.96E+05,420300,428800,408800,419300,404200,454500,422500,4.00E+05,383300,382600,423600,393200,398400,4.09E+05,404600,384300,319600,334700,348500,427900,399100,449500,413700,438200,4.80E+05,473900,496800,378400,3.72E+05,346200,4.03E+05,411800,411500,418400,429600,428200,4.06E+05,424800,439800,450500,481600,4.54E+05,454200,434300,4.87E+05,479900,495100,487100,4.96E+05,476900,461400,515800,553600,5.47E+05,485800,448100,471100,481700,499200,473100,506100,4.82E+05,472200,462200,428200,452500,432600,413600,422400,421500,500900,5.01E+05,492500
3808,Bridgetown,Ohio,2880,,,,,,,,,,,,,,,,,,,,,,,,,,,,,,,,,,,,,,,,,,,,,,,,,,,,,,,,,,,,,,,,,,,,,,,,,,,,,,,,,,,,,,,,,,,,,,,,,113600,110500,115100,107400,104500,103400,106900,107100,104700,103600,107400,110600,109500,107400,107400,112700,114400,116300,113500,115100,120700,117500,108900,1.07E+05,119900,124500,126400,121800,124800,124500,125500,1.30E+05,127200,134700,129400,132600,125500,126600,124100,123400,
50933,Bedford,Ohio,2881,,,,,,,,,,,,,,,,,,,,,,,,,,,,,,,,,,,,,,,,,,,,,,,,,,,,,,,,,,,,,,,,,,,,,,,,,,,54600,55400,55600,5.00E+04,52500,57700,63900,63300,6.20E+04,58300,57100,48800,47200,5.00E+04,59400,57600,57600,59500,59500,51500,48700,51400,52800,55100,54100,59300,61300,64800,64100,57300,60700,62400,69800,65600,64500,66100,68600,70900,67100,70700,66900,68400,68100,7.60E+04,73800,69700,72900,78100,77100,64700,67500,74400,81900,77700,71900,7.60E+04,72500,70400,6.60E+04,6.60E+04,70400,73200,71200
7932,Wickliffe,Ohio,2887,,,,,,,,,,,,,,,,,,,,,,,,,,,,,,,,,,,,,,,,,,,,,,,,,,,,,,,,,,,,,,,,,,,,,,,,,,,,,,,,,,,,,,,,,,,79100,86800,87300,85300,72900,77800,84700,9.80E+04,99800,104200,105300,106900,95700,96900,101600,112100,113900,108600,107400,106200,98800,98500,98600,9.90E+04,100700,102200,105700,103700,106500,1.02E+05,104400,99500,106500,101600,108700,103200,101200,90300,95900,110200,113100,120700,119300,123500,119500,118400,121100
44208,Blue Ash,Ohio,2889,,,,,,,,,,,,,,,,,,,,,,,,,,,,,,,,,,,,,,,,,,,,,,,,,,,,,,,,,,,,,,,,,,,,,,,,,,,,,,,,,,,,,,,,,,,,,,,,,,,,,268200,249500,238700,215600,235100,233100,2.38E+05,251200,281600,268300,243500,225700,235500,235300,237900,253300,2.43E+05,271800,252600,277200,235300,2.74E+05,278500,310600,269900,251100,213900,227700,228700,224900,244500,234300,250900,2.37E+05,241900,2.51E+05,
50898,Bay Village,Ohio,2897,,,,,,,,,,,,,,,,,,,,,,,,,,,,,,,,,,,,,,190100,194300,180300,182300,182300,186100,162700,158500,157300,177700,182400,206200,209500,209400,188500,1.83E+05,184100,184200,190900,192700,184600,195500,173600,178100,160200,186900,200700,202700,191200,192400,187700,191500,189400,181600,162400,164200,172700,190800,181800,2.08E+05,219900,218100,187100,177900,171200,174500,169800,183900,196400,2.05E+05,199100,188400,196100,2.00E+05,205200,227100,229100,2.26E+05,197200,210300,213400,224500,2.10E+05,217700,206500,204200,2.10E+05,214500,226700,218600,224700,209300,2.14E+05,199800,217400,214300,224400,223600,226800,235800,232600,241200,241600,240400,228900,226900,230700,2.37E+05,230100,245800,230300,246100,243500,2.51E+05,226100,222400,230700,233800,237100,245700
17277,Canal Fulton,Ohio,2900,,,,,,,,,,,,,,,,,,,,,,,,,,,,,,,,,,,,,,,,,,,,,,,,,,,,,,,,,,,,,,,,,,,,,,,,,,,,,,,,,,,,,,,,,,,,,,,,,,,,,,,,,,,,,,,151900,1.40E+05,1.37E+05,134500,147600,1.52E+05,150900,146500,132900,131400,132300,146200,149700,154600,160600,162400,159700,148600,142900,142700,148900,169900,173200,176500,1.71E+05,179300,182800
7832,West Carrollton,Ohio,2921,,,,,,,,,,,,,,,,,,,,,,,,,,,,,,,,,,,,,,,,,,,,,,,,,,,,,,,,,,,,,,,,,,,,,,,,,,,,,,,,,,,,,,,,,,,,,,,,,,,,,,,,,,,,,,,77100,86300,90200,93500,98800,89700,86100,90600,99500,99900,100100,93300,96900,1.00E+05,101800,98100,87600,84200,8.40E+04,86900,1.01E+05,102300,1.11E+05,1.06E+05,103800,90700,
20310,Saint Marys,Ohio,2932,,,,,,,,,,,,,,,,,,,,,,,,,,,,,,,,,,,,,,,,,,,,,,,,,,,,,,,,,,,,,,,,,,,,,,,,,,67900,80100,77400,90200,87600,102700,94300,105400,94300,96800,71900,78100,76700,92100,8.60E+04,78800,81100,84200,97500,8.80E+04,88900,88700,98900,97600,98600,103900,109500,107800,103900,101500,100300,103600,98900,9.60E+04,95200,109900,108700,103900,98500,1.02E+05,107400,1.00E+05,95800,9.00E+04,1.02E+05,105800,110200,90200,101200,102700,116800,120200,115700,1.15E+05,114500,124500,130800,1.18E+05,121400,108900,117400,109100,114900,120100
12137,Johnstown,Ohio,2942,,,,,,,,,,,,,,,,,,,,,,,,,,,,,,,,,,,,,,,,,,,,,,,,,,,,,,,,,,,,,,,,,,,,,,,,204400,195100,2.17E+05,2.42E+05,2.51E+05,246300,2.38E+05,238300,224600,2.23E+05,219500,2.33E+05,252600,255500,254900,2.19E+05,226100,235700,262600,261700,241100,233900,234400,252100,256300,215200,189600,182700,177300,180500,162200,190100,194600,185400,189500,202200,209800,209800,215900,2.27E+05,225600,208600,2.26E+05,214400,223400,2.14E+05,211500,189100,199500,209700,200600,179400,183600,191200,209700,191900,210100,185200,191600,206900,221600,2.55E+05,261500,278500,256900,245400
6015,Monroe,Ohio,2953,,,,,,,,,,,,,,,,,,,,,,,,,,,,,,,,,,,,,,,,,,,,,,,,,,,,,,,,,,132700,148200,146300,146600,138100,143300,148500,149100,150400,152200,152700,160800,166300,163100,1.65E+05,164100,160100,154600,155800,160400,153400,147300,1.51E+05,163500,161900,156100,141500,148500,147200,150500,1.52E+05,158800,164100,165500,163900,160500,163100,170500,180900,169200,165800,160900,168300,1.66E+05,171400,172600,173500,169300,166200,176100,175300,184600,183900,188400,182600,1.81E+05,1.83E+05,186100,186500,182400,183400,180800,1.88E+05,188700,193400,192700,189700,185300,180200,187800,190800,199400,205900,207600,207300,193300,191700,191600,203900,
51911,Englewood,Ohio,3005,,,,,,,,,,,,,,,,,,,,,,,,,,,,,,,,,,,,,,,,,,,,,,,,,,,,,,,,,,,,92900,87600,86800,90300,96200,97200,98100,97300,99200,101100,98100,97900,102700,1.12E+05,103400,98800,89200,98300,94400,98900,105600,104200,109600,107600,1.03E+05,102300,101400,123100,1.20E+05,114700,94200,102300,107100,117700,110700,107400,103900,102900,103700,105300,106100,107600,111100,115600,111900,111700,109500,110500,107200,109600,110100,113400,118600,126900,129300,123200,118600,118600,122600,1.27E+05,134700,134700,139400,134400,139700,1.38E+05,135400,134400,135300,133100,130700,124400,130500,125900,128500,135500,139900,
5746,Macedonia,Ohio,3055,,,,,,,,,,,,,,,,,,,,,,,,,,,,,,,,,,,,,,,,,,,,,,,,,,,,,,,,,,,,,,,160300,176400,183400,189200,175400,169200,175600,182300,177100,179900,183400,187800,197600,1.88E+05,172200,146700,149100,177600,192900,193900,199200,195900,190800,181500,175100,180700,173400,188700,191100,185600,177300,170300,182900,177100,182200,178100,185900,186400,186300,183200,174300,171200,176800,174600,171100,171500,184900,194900,191200,180200,174700,182600,2.02E+05,214800,203100,213100,219200,231700,2.11E+05,1.96E+05,204200,217300,230200,209100,208900,208900,228400,2.12E+05,2.12E+05,205500,234500,224500,229600,213600,219900
36194,Springdale,Ohio,3062,,,,,,,,,,,,,,,,,,,,,,,,,,,,,,,,,,,,,,,,,,,,,,,,,,,,,,,,,,,,,,,,,,,,,,,,,,,,,,,,,,,,,,,,,,,,,,,,,,,,,,,,,,,,109600,115800,113100,118800,116100,117800,126500,133400,132800,132200,129900,130800,130100,133100,132100,132700,130100,126200,127800,128600,136600,144400,148100,159100,149500,146600,127500,129700,135900,
4993,Greenville,Ohio,3071,,,,,,,,,,,,,,,,,,,,,,,,,,,,,,,,,,,,,,,,,,,,,,,,,,,,,,,,,,,,,,,,,,,,,,,,,,,,,,,,,,,,,,,,,,,,,,,,,,,,,,,,,,,,,,,,79200,73100,78900,80800,85500,85500,84600,8.60E+04,8.40E+04,86300,90400,102300,106100,107200,98500,93900,93200,89700,83800,9.40E+04,101100,108600,94800,100100,97900,9.20E+04
44601,Circleville,Ohio,3090,,,,,,,,,,,,,,,,,,,,,,,,,,,,,,,,,,,,,,,,,,,,,,,,,,,,,,,,,,,,,,,,,,,,,,,,,,,,,,,,,,,,,,,,,,,,,,,,,,,,,1.15E+05,111700,115900,119900,121700,1.30E+05,123200,132700,126600,126300,116900,121700,121400,125300,114300,116600,116200,1.14E+05,108300,126600,133100,137100,108700,104400,108200,105200,119200,116400,139900,143700,134900,127300,114100,123300,129100,133100,
50934,Bedford Heights,Ohio,3097,,,,,,,,,,,,,,,,,,,,,,,,,,,,,,,,,,,,,,,,,,,,,,,,,,,,,,,,,,,,,,,,,,,,,,,,,,,,,,,,,,,,,,,,,,,,,,,,,,,,,,,,,,,,,92800,83400,70800,68300,76900,79300,88300,80900,102800,107800,109100,95900,98800,99600,101700,103900,112100,105600,104100,94700,115300,112600,1.27E+05,108200,106400,112600,124600,132800,108900
20114,Reading,Ohio,3122,,,,,,,,,,,,,,,,,,,,,,,,,,,,,,,,,,,,,,,,,,,,,,,,,,,,,,,,,,,,,,,,,,,,,,,,,,,,,,,,,,,,,,,,,,,,97400,1.11E+05,103700,107200,101700,109800,107200,132400,129100,130300,114200,111500,124600,128100,137900,128200,112300,111700,96600,112500,110100,123200,1.22E+05,121400,125900,134400,130800,125100,1.18E+05,119800,124300,122300,1.28E+05,129200,125500,120700,1.28E+05,141600,144100,123700,122700,122700,137700,145600,147500,
26587,Port Clinton,Ohio,3135,,,,,,,,,,,,,,,,,,,,,,,,,,,,,,,,,,,,,,,,,,,,,,,,,,,,,,,,,,,,,,,,,,,,,,,,,,,,,,142900,133500,123700,121500,131200,111200,115700,103500,132800,121700,118700,127400,133300,142800,139300,136100,137500,117500,122300,134900,146700,156700,138800,134100,129700,129600,126400,136200,131500,143100,126700,126700,109600,110600,124800,134100,132700,131300,132200,126400,1.28E+05,136400,149600,140700,139300,141700,1.50E+05,157600,151900,1.49E+05,147100,166300,174900,165700,131500,112200,104800,134300,138900,
201790,Lincoln Village,Ohio,3195,,,,,,,,,,,,,,,,,,,,,,,,,,,,,,,,,,,,,,,,,,,,,,,,,,,,,,,,,,,,,,,,,,,,,,,,,,,,,,,,,,,,,,,,,,,,,,,,,,79200,7.90E+04,8.30E+04,87800,8.50E+04,86400,86600,87400,85500,86700,82700,86200,84900,84900,85700,85400,100500,100200,105300,95300,110200,110800,115400,105700,93500,98900,1.06E+05,120400,120800,127300,139100,133600,126900,103800,130600,113400,126500,111200,137700,139600
49201,Huron,Ohio,3227,,,,,,,,,,,,,,,,,,,,,,,,,,,,,,,,,,,,,,,,,,,,,,,,,,,,,,,,,,,,,,,,,,,,,,,,,,,,,,,,,,,,,,,,,,,,,,,,,,158900,166600,157900,167800,172800,1.81E+05,1.73E+05,160900,161400,144900,157700,146400,167300,150600,161500,165300,170400,158700,161100,1.75E+05,174800,174200,188400,185300,188700,181400,199100,181300,164400,152300,167700,200500,2.01E+05,222400,181400,1.78E+05,152900,162400,163300,
6278,Oakwood,Ohio,3238,,,,,,,,,,,,,,,,,,,,,,,,,,,,,,,,,,,,,,,,,,,,,,,,,,,,,,,,,,,,,,,,,,,,,,,,,,,,,,,,,,,,,,,,,,,,,,,,259500,260600,216600,2.06E+05,199100,210800,239300,264700,278400,284500,288100,299700,300600,2.81E+05,260800,243800,246400,2.60E+05,249100,247500,239500,250900,234400,210800,211400,224300,241700,250100,250400,260300,240100,233800,235300,242100,2.48E+05,245300,294200,309500,319900,280200,270400,
199551,Blacklick Estates,Ohio,3252,,,,,,,,,,,,,,,,,,,,,,,,,,,,,,,,,,,,,,,,,,,,,,,,,,,,,,,,,,,,,,,,,,,,,,,,,,,,,,,,,,,,,,,,,,,,62200,61500,60900,63700,65200,69700,70500,72200,70800,73100,76100,76600,79800,83100,88600,91700,89400,91100,9.00E+04,9.00E+04,88300,93600,9.70E+04,95900,94800,94700,97600,94600,102600,100300,101400,96600,99300,106100,112500,113600,115600,114100,118200,111200,110600,106800,106400,102900,108900,112100
8565,Howard,Ohio,3325,,,,,,,,,,,,,,,,,,,,,,,,,,,,,,,,,,,,,,,,,,,,,,,,,,,,,,,,,,,,,,,,,,,,,,,,,,,,,,,,,,,,,,,,,,,,,,,,,,,,,,,,,,,,,162800,165400,154400,158900,153300,154800,155300,164300,174600,162400,147200,140600,155100,168400,176700,170100,173600,169700,175600,165600,1.79E+05,1.80E+05,1.92E+05,159200,152100,139600,164900,163700,
7042,Sheffield Lake,Ohio,3350,,,,,,,,,,,,,,,,,,,,,,,,,,,,,,,,,,,,,,,,,,,,,,,,,,,,,,,,,,,,,,,,,,,,,,,,,,,,,,,,,,,,,,,,,,,,,,,,,,,,,,,,103500,102100,91800,8.90E+04,101200,104400,108300,97600,1.02E+05,99400,1.05E+05,102500,102600,101900,102400,108600,108700,110300,103500,114500,119100,126400,118100,118500,118900,120300,115900,111200,99800,96400,100400,121200,1.28E+05,132800
39491,London,Ohio,3376,,,,,,,,,,,,,,,,,,,,,,,,,,,,,,,,,,,,,,,,,,,,,,,,,,,,,,,,,,,,,,,,,,,,,,,,,,,,,,,,,,,,,,,,,,,,,,,,,,106500,115500,122600,116900,121100,121100,118300,112600,113700,116900,113700,123600,126700,115500,112800,118100,143900,1.43E+05,143500,133100,144800,150200,154800,145100,133900,130500,119200,125800,130500,145600,142300,147700,132100,128300,1.22E+05,131300,146200,135600,136400,128500
34378,Union,Ohio,3397,,,,,,,,,,,,,,,,,,,,,,,,,,,,,,,,,,,,,,,,,,,,,,,,,,,,,,,,,,,,,,,,,,,,,,,,,,,,,,,,,,,,,,,,,,,,,,,,,114500,98300,101300,89700,93700,93200,9.80E+04,96400,98200,113200,111500,111200,88500,89200,9.30E+04,95100,94800,95500,108800,113700,110300,104600,103100,95800,89800,92100,101600,1.10E+05,111700,107700,100200,97300,1.02E+05,106100,103300,104500,102700,106900,105200,111100,
203786,Summerside,Ohio,3401,,,,,,,,,,,,,,,,,,,,,,,,,,,,,,,,,,,,,,,,,,,,,,,,,,,,,,,,,,,,,,,,,,,,,,,,,,,,,,,,,,,,,,,,,,,,,,,,,,,,,,,,,,,,,,,,113700,119900,132400,136700,130700,1.18E+05,126300,118600,122100,120100,123900,124800,117600,144500,148500,139500,1.30E+05,118400,133200,131400,154600,161500,157500,144400,146300,
