Index,RegionID,RegionName,City,State,Metro,CountyName,SizeRank,2007,2008,2009,2010,2011,2012,2013,2014,2015,2016,2017,2018
1,77007,44107,Lakewood,OH,Cleveland-Elyria,Cuyahoga County,84,1580500,1477700,1398100,1432300,1398200,1413800,1473500,1533100,1577400,1758600,2002200,2181800
2,76953,44035,Elyria,OH,Cleveland-Elyria,Lorain County,92,1301200,1220800,1133900,1081600,966400,917200,949000,943000,986100,1025700,1057600,1135700
3,76511,43081,Westerville,OH,Columbus,Franklin County,117,2227300,2195200,2153000,2107300,2014100,2032200,2101700,2195000,2323400,2524700,2726900,2927600
4,76971,44060,Mentor,OH,Cleveland-Elyria,Lake County,134,2126100,2020200,1906100,1860900,1759300,1760800,1815000,1889700,1932700,2006500,2076200,2192200
5,76534,43123,Grove City,OH,Columbus,Franklin County,136,1745800,1687100,1641900,1616800,1541000,1500800,1554200,1612900,1719000,1851300,2008400,2153300
6,77094,44256,Medina,OH,Cleveland-Elyria,Medina County,152,2174200,2157600,2142600,2049400,1976600,2038800,2132900,2170800,2232400,2322500,2488800,2660400
7,77400,45011,Hamilton,OH,Cincinnati,Butler County,159,2108100,2023300,1945700,1931000,1827800,1847500,1903900,1964000,2020500,2118600,2226600,2390900
8,76539,43130,Lancaster,OH,Columbus,Fairfield County,179,1440900,1349500,1293100,1284500,1275900,1273500,1240900,1239600,1295000,1357800,1479000,1592200
9,76597,43230,Gahanna,OH,Columbus,Franklin County,204,2032500,1967400,1914200,1923500,1860300,1843700,1900700,1952400,2022800,2185300,2427400,2599400
10,76471,43026,Hilliard,OH,Columbus,Franklin County,237,2253500,2199000,2177100,2187700,2121300,2098100,2188300,2210000,2398700,2610300,2821500,2990100
11,77850,45840,Findlay,OH,Findlay,Hancock County,251,1497700,1449300,1394900,1383500,1333200,1327300,1376800,1417300,1438400,1485600,1576800,1658900
12,77030,44130,Parma Heights,OH,Cleveland-Elyria,Cuyahoga County,256,1615800,1505400,1445500,1430300,1314000,1288500,1311200,1307700,1322700,1402200,1525200,1624700
13,76796,43701,Zanesville,OH,Zanesville,Muskingum County,276,1191300,1150700,1114200,1108900,1071400,1065500,1061400,1066900,1078100,1094200,1147100,1265400
14,76983,44077,Painesville,OH,Cleveland-Elyria,Lake County,280,1763500,1696000,1598000,1573100,1483000,1512500,1526800,1566100,1642100,1710300,1769800,1838100
15,76595,43228,Columbus,OH,Columbus,Franklin County,289,1446600,1387100,1333900,1272500,1154700,1049500,1076300,1180300,1282600,1345200,1513400,1659900
16,76501,43068,Reynoldsburg,OH,Columbus,Franklin County,313,1712300,1641000,1576300,1559700,1485200,1426500,1419500,1525300,1584200,1677200,1841700,2007300
17,77698,45601,Chillicothe,OH,Chillicothe,Ross County,336,1184300,1137600,1123200,1117700,1128800,1099700,1082100,1098600,1195800,1271200,1271300,1385900
18,77418,45044,Middletown,OH,Cincinnati,Butler County,485,1491800,1392700,1316400,1279900,1170800,1132000,1222300,1267600,1262700,1333700,1448700,1540900
19,76596,43229,Columbus,OH,Columbus,Franklin County,487,1565900,1484100,1424200,1384200,1265000,1160300,1188100,1262000,1347300,1477900,1657900,1818300
20,77402,45013,Hamilton,OH,Cincinnati,Butler County,493,1590600,1512200,1377400,1349200,1282400,1247700,1298700,1330500,1372100,1451300,1550900,1641000
21,77463,45140,Loveland,OH,Cincinnati,Clermont County,566,2625600,2521300,2378700,2405600,2324000,2339500,2413100,2488600,2637700,2841800,2938800,3070200
22,77414,45040,Mason,OH,Cincinnati,Warren County,606,2818400,2729900,2665800,2705200,2639300,2607600,2691100,2879000,3009200,3091000,3250900,3437500
23,77664,45424,Huber Heights,OH,Dayton,Montgomery County,614,1442300,1356600,1279100,1279100,1185600,1154700,1162900,1164300,1140100,1213700,1342800,1424500
24,77260,44646,Massillon,OH,Canton-Massillon,Stark County,660,1462700,1370800,1304700,1255200,1133800,1130500,1165800,1242500,1302800,1307300,1426000,1550700
25,77434,45069,West Chester,OH,Cincinnati,Butler County,695,2509400,2427000,2324400,2319900,2177700,2226600,2290900,2343100,2421800,2603700,2807500,2958400
26,77024,44124,Lyndhurst,OH,Cleveland-Elyria,Cuyahoga County,730,1852100,1729100,1626700,1574700,1488100,1474600,1513100,1533600,1530100,1572200,1679300,1773800
27,77529,45238,Cincinnati,OH,Cincinnati,Hamilton County,731,1477500,1385300,1256000,1201800,1170800,1145600,1133600,1133900,1148600,1190500,1324000,1414500
28,76601,43235,Columbus,OH,Columbus,Franklin County,795,2686300,2624600,2544500,2543200,2495400,2468200,2596200,2717600,2826500,2989700,3258100,3475400
29,76774,43615,Toledo,OH,Toledo,Lucas County,860,1376200,1240300,1140100,1103100,997500,991400,1029500,1066500,1062700,1091100,1160700,1211500
30,77403,45014,Fairfield,OH,Cincinnati,Butler County,873,1861500,1779600,1685700,1674000,1569700,1523500,1590400,1640900,1665700,1791300,1893300,2047600
31,76576,43207,Columbus,OH,Columbus,Franklin County,879,1073700,1004300,914700,904900,784600,710100,660500,723700,831400,864800,1008900,1229800
32,76599,43232,Columbus,OH,Columbus,Franklin County,887,1207400,1141300,1028900,1002300,918400,828900,759200,809200,949200,982100,1143700,1325000
33,76463,43016,Dublin,OH,Columbus,Franklin County,961,3053900,3024700,2956500,2931200,2870900,2912600,2997200,3144700,3304700,3489700,3738400,3974900
34,77296,44691,Wooster,OH,Wooster,Wayne County,984,1502100,1452100,1437000,1376100,1361700,1389100,1439300,1461300,1499700,1549000,1638500,1735600
35,76592,43224,Columbus,OH,Columbus,Franklin County,1004,1087400,1028300,987200,931700,785000,695200,673800,716600,794900,875300,1057800,1223600
36,77068,44212,Brunswick,OH,Cleveland-Elyria,Medina County,1030,1986500,1930600,1884800,1823500,1710400,1677300,1753600,1862900,1914700,1948300,2054600,2155900
37,77374,44870,Sandusky,OH,Sandusky,Erie County,1053,1122800,1069700,1027800,982700,946300,949200,959300,987100,969800,974700,1004400,1031100
38,76573,43204,Columbus,OH,Columbus,Franklin County,1118,1153600,1085400,990200,948500,819600,742500,803500,830700,896100,957800,1109500,1286300
39,77011,44111,Cleveland,OH,Cleveland-Elyria,Cuyahoga County,1134,1081300,929700,850200,828600,707800,601900,648800,683900,676200,692700,790800,929400
40,77522,45231,Finneytown,OH,Cincinnati,Hamilton County,1167,1350500,1232400,1080600,1043800,1005500,983500,973000,984000,1018100,1046500,1175500,1342500
41,76745,43551,Perrysburg,OH,Toledo,Wood County,1191,2016500,1950100,1911200,1916000,1892800,1959200,1982000,2041900,2117200,2255700,2388900,2432200
42,77018,44118,Cleveland Heights,OH,Cleveland-Elyria,Cuyahoga County,1218,1887700,1669100,1587700,1551800,1501400,1429400,1466600,1509400,1519300,1523200,1580500,1686900
43,77085,44240,Kent,OH,Akron,Portage County,1232,1619400,1581400,1547300,1509100,1461300,1451200,1459000,1470900,1475300,1547300,1644400,1688900
44,77065,44203,Barberton,OH,Akron,Summit County,1243,1199200,1112200,1060500,986500,878700,831300,860800,912200,916900,933900,1006400,1166900
45,76996,44094,Willoughby,OH,Cleveland-Elyria,Lake County,1278,2237100,2123500,1953900,1886800,1771300,1814100,1846600,1922800,1917400,1996400,2069900,2252400
46,77315,44720,North Canton,OH,Canton-Massillon,Stark County,1305,1768200,1718500,1625200,1598000,1543500,1556900,1634900,1694200,1723800,1810500,1902300,1975800
47,77009,44109,Cleveland,OH,Cleveland-Elyria,Cuyahoga County,1313,1021400,910200,772800,716900,633700,559500,511000,596900,632500,629100,707100,828700
48,76570,43201,Columbus,OH,Columbus,Franklin County,1345,1944400,1938400,1862900,1853400,1830500,1925500,1989600,2080100,2312200,2774000,3086600,3252400
49,77076,44224,Stow,OH,Akron,Summit County,1347,2003900,1930700,1907500,1880500,1811900,1774800,1806300,1875500,1920800,1978100,2108300,2226100
50,77034,44134,Parma,OH,Cleveland-Elyria,Cuyahoga County,1398,1421600,1304200,1254700,1218900,1131800,1056200,1032800,1017600,1033200,1156000,1305700,1392500
51,77502,45211,Cincinnati,OH,Cincinnati,Hamilton County,1401,1339400,1227500,1117600,1040300,1005800,988800,983100,989800,1011600,1033900,1162600,1245600
52,76464,43017,Dublin,OH,Columbus,Franklin County,1554,3729300,3580600,3501800,3562600,3518600,3547300,3694300,3839800,4041800,4220400,4468000,4621400
53,77639,45385,Xenia,OH,Dayton,Greene County,1590,1286400,1309400,1226500,1202700,1143100,1117000,1069900,1114300,1207300,1219100,1264900,1418500
54,77022,44122,Shaker Heights,OH,Cleveland-Elyria,Cuyahoga County,1599,2627200,2434200,2369700,2399500,2273300,2268400,2388800,2467900,2559100,2617100,2810500,2914900
55,77603,45342,Miamisburg,OH,Dayton,Montgomery County,1606,1731700,1693200,1561300,1572300,1466100,1465600,1500300,1506400,1543800,1626600,1739600,1870800
56,76498,43065,Powell,OH,Columbus,Delaware County,1649,3629000,3523900,3398400,3386600,3361400,3385600,3491400,3634700,3772800,3980200,4165200,4377800
57,76581,43213,Whitehall,OH,Columbus,Franklin County,1714,1178000,1095000,1002100,974600,909500,789900,786000,823100,882800,970400,1127800,1271200
58,77630,45373,Troy,OH,Dayton,Miami County,1716,1530800,1492000,1424000,1382200,1377400,1406400,1450200,1472000,1502400,1548700,1637700,1770700
59,76526,43110,Columbus,OH,Columbus,Franklin County,1807,1922700,1792700,1728300,1711500,1622500,1578900,1663400,1691200,1839200,1923400,2056900,2261800
60,77216,44512,Boardman,OH,Youngstown-Warren-Boardman,Mahoning County,1810,1304400,1230000,1119400,1128200,1141300,1076900,1107200,1141600,1149500,1163400,1255400,1336500
61,77045,44145,Westlake,OH,Cleveland-Elyria,Cuyahoga County,1934,2941100,2719000,2672400,2692700,2664200,2733900,2846900,2957500,2962200,3124900,3267700,3428100
62,76550,43147,Pickerington,OH,Columbus,Fairfield County,1946,2354800,2293200,2187100,2140400,2102300,2083500,2072300,2156900,2242700,2416400,2615000,2794300
63,77046,44146,Bedford,OH,Cleveland-Elyria,Cuyahoga County,1953,1474000,1317300,1126800,1108100,1048400,1010900,993700,997300,1027000,1064100,1091700,1181600
64,76997,44095,Eastlake,OH,Cleveland-Elyria,Lake County,2089,1583600,1522900,1436400,1365100,1291400,1239500,1209700,1235300,1228300,1333200,1377700,1416600
65,76661,43402,Bowling Green,OH,Toledo,Wood County,2100,1769400,1677700,1647200,1638900,1612200,1640900,1606500,1684500,1746200,1760600,1866200,1945400
66,76589,43221,Upper Arlington,OH,Columbus,Franklin County,2109,2730100,2695300,2640800,2651500,2591200,2601500,2773000,2956100,3238200,3459400,3884800,4042100
67,76773,43614,Toledo,OH,Toledo,Lucas County,2138,1566800,1489600,1373100,1267400,1169900,1134600,1168200,1196800,1265100,1340700,1403400,1441900
68,77021,44121,South Euclid,OH,Cleveland-Elyria,Cuyahoga County,2153,1469100,1283400,1128400,1104700,991300,881000,872300,887800,904100,959700,1027000,1097000
69,77682,45458,Centerville,OH,Dayton,Montgomery County,2185,2839500,2804800,2658500,2631500,2489200,2646100,2652200,2697700,2827300,2907500,3081000,3259300
70,77694,45503,Springfield,OH,Springfield,Clark County,2204,1237500,1187900,1155000,1101600,1056400,1043200,1065900,1081800,1113600,1177300,1248600,1287400
71,77073,44221,Cuyahoga Falls,OH,Akron,Summit County,2287,1368000,1308800,1240000,1210200,1118600,1087400,1103900,1134700,1175800,1275600,1368200,1414800
72,77100,44266,Ravenna,OH,Akron,Portage County,2293,1417700,1378300,1353700,1305100,1267300,1256900,1211500,1186300,1271600,1306300,1402900,1468600
73,76938,44004,Ashtabula,OH,Ashtabula,Ashtabula County,2323,1021200,985900,944400,935000,870300,859500,879600,881200,832100,834600,850800,856700
74,77126,44312,Akron,OH,Akron,Summit County,2352,1246200,1162300,1096100,1025600,965800,913800,902000,937100,919900,943900,1064300,1197200
75,76978,44070,North Olmsted,OH,Cleveland-Elyria,Cuyahoga County,2359,1828100,1674300,1608100,1615800,1547200,1554300,1563600,1590400,1643100,1746700,1865900,1999200
76,77223,44601,Alliance,OH,Canton-Massillon,Stark County,2365,1035700,951000,850800,838400,793500,749000,710900,776400,837300,840900,940800,1036900
77,76772,43613,Toledo,OH,Toledo,Lucas County,2372,1250600,1171600,1033400,962900,858200,868100,865100,880700,898300,946000,1002200,1055900
78,76955,44039,North Ridgeville,OH,Cleveland-Elyria,Lorain County,2374,2065700,1881300,1806700,1793700,1675600,1710500,1771900,1805900,1891600,1940900,2034300,2237700
79,77412,45036,Lebanon,OH,Cincinnati,Warren County,2376,2198000,2137600,2046000,1995100,1979700,1975800,2002900,2075300,2173000,2312600,2466500,2597300
80,77441,45103,Batavia,OH,Cincinnati,Clermont County,2478,1852700,1760900,1688500,1712900,1628900,1647000,1659200,1678900,1758000,1825900,1980700,2081700
81,77470,45150,Milford,OH,Cincinnati,Clermont County,2514,1858200,1748300,1666000,1674100,1622800,1673000,1673500,1698000,1754700,1826500,2025100,2116800
82,76582,43214,Columbus,OH,Columbus,Franklin County,2529,2436900,2389200,2397000,2390600,2298100,2328500,2450900,2638600,2802800,2986900,3371200,3558600
83,77506,45215,Reading,OH,Cincinnati,Hamilton County,2567,1462400,1400600,1312300,1230300,1207600,1187300,1187000,1187100,1300100,1383300,1496700,1614600
84,77033,44133,North Royalton,OH,Cleveland-Elyria,Cuyahoga County,2568,2425200,2299100,2203900,2200000,2105800,2102500,2144100,2207800,2254200,2378700,2518200,2687700
85,77326,44805,Ashland,OH,Ashland,Ashland County,2663,1383800,1353000,1348200,1312600,1254100,1246000,1258500,1293300,1326900,1369600,1448900,1525700
86,76753,43560,Sylvania,OH,Toledo,Lucas County,2737,2180800,2037000,1911900,1929500,1833200,1886700,1961400,2045800,2107700,2194000,2274200,2404200
87,77109,44281,Wadsworth,OH,Cleveland-Elyria,Medina County,2755,1822300,1784500,1771700,1716300,1681800,1682600,1726400,1775700,1875300,1932500,2052500,2199200
88,76671,43420,Fremont,OH,Fremont,Sandusky County,2789,901900,936600,1105100,1104100,1069200,1040800,1060900,1069200,1078800,1111200,1162200,1233600
89,76588,43220,Upper Arlington,OH,Columbus,Franklin County,2858,3641000,3457200,3448500,3401500,3384400,3424600,3525200,3828400,4073300,4440200,4721800,4928800
90,77006,44106,Cleveland,OH,Cleveland-Elyria,Cuyahoga County,2885,1561600,1439500,1177700,1049000,963300,911900,800900,841800,887200,1023900,1267500,1303800
91,77219,44515,Austintown,OH,Youngstown-Warren-Boardman,Mahoning County,2891,1068900,1040000,977700,963300,943100,887700,909200,963300,978100,1001100,1076100,1138200
92,76482,43040,Marysville,OH,Columbus,Union County,2911,1991300,1938700,1899800,1906200,1799900,1800100,1847600,1922500,2011600,2102900,2214200,2362300
93,77399,45005,Franklin,OH,Cincinnati,Warren County,2926,1536600,1467400,1439800,1405100,1340700,1278500,1315700,1387700,1405400,1476700,1542400,1638600
94,77683,45459,Centerville,OH,Dayton,Montgomery County,2980,2491800,2370600,2240100,2195400,2104300,2161800,2215500,2276200,2302500,2425900,2618300,2737100
95,77127,44313,Akron,OH,Akron,Summit County,2984,1804000,1714800,1607400,1566200,1482200,1507600,1538700,1570600,1599100,1655200,1763200,1865000
96,77029,44129,Parma,OH,Cleveland-Elyria,Cuyahoga County,2989,1398500,1278900,1209800,1211600,1079500,965400,951900,969900,981900,1087400,1240800,1348300
97,77767,45701,Athens,OH,Athens,Athens County,3005,1757100,1746400,1750700,1731900,1739100,1740600,1718900,1792300,1863200,1924800,2057500,2083300
98,76735,43537,Maumee,OH,Toledo,Lucas County,3033,1966700,1842600,1751900,1717500,1673700,1683500,1695800,1772600,1866200,1914400,1992100,2097800
99,77668,45429,Kettering,OH,Dayton,Montgomery County,3042,1745500,1664400,1606000,1600700,1480400,1449700,1502500,1546700,1574900,1674400,1771500,1876600
100,77661,45420,Dayton,OH,Dayton,Montgomery County,3071,1084100,1035400,963500,932700,871200,824800,811500,786000,812900,851700,916500,985200
101,76771,43612,Toledo,OH,Toledo,Lucas County,3081,1011400,918400,800400,718600,637200,576000,555800,568900,591400,590400,646500,688000
102,76965,44052,Lorain,OH,Cleveland-Elyria,Lorain County,3113,1014700,933000,827500,770400,648600,596300,536900,565700,612500,642200,696600,746800
103,77521,45230,Cincinnati,OH,Cincinnati,Hamilton County,3125,1827100,1801300,1710700,1689800,1642400,1669300,1678000,1703500,1788600,1885400,1965400,2083900
104,76580,43212,Grandview Heights,OH,Columbus,Franklin County,3172,2925500,2910900,2952800,2923100,2909600,3109100,3328700,3567100,4050500,4504600,4848400,4970900
105,76489,43050,Mount Vernon,OH,Mount Vernon,Knox County,3174,991000,992100,953100,931500,893300,837000,862800,925900,1197400,1311800,1429400,1458500
106,76577,43209,Bexley,OH,Columbus,Franklin County,3177,2200400,2106800,2075200,2056900,1994100,2031700,2078500,2226100,2393700,2700100,3021100,3276900
107,77623,45365,Sidney,OH,Sidney,Shelby County,3204,1358100,1341300,1253200,1242800,1191000,1207700,1258400,1275200,1301900,1333900,1404300,1469600
108,77025,44125,Garfield Heights,OH,Cleveland-Elyria,Cuyahoga County,3209,1275600,1100000,929700,863300,767500,657100,638500,654900,657400,680200,765500,795800
109,77530,45239,White Oak,OH,Cincinnati,Hamilton County,3227,1406400,1301200,1138300,1074800,1052200,1024900,1021900,1020500,1040700,1106500,1231700,1349800
110,76512,43082,Westerville,OH,Columbus,Franklin County,3288,3426000,3334700,3257300,3250400,3190600,3197200,3275600,3424800,3590900,3785600,4023000,4323700
111,76712,43512,Defiance,OH,Defiance,Defiance County,3318,0,0,0,568700,1013800,1051300,1089400,1065600,1097800,1160100,1170400,1251700
112,76587,43219,Columbus,OH,Columbus,Franklin County,3329,0,0,0,0,0,0,0,606600,680300,635600,690800,833800
113,77527,45236,Deer Park,OH,Cincinnati,Hamilton County,3385,1631800,1575400,1521800,1478200,1435800,1456600,1472000,1497800,1529500,1597600,1755000,1853100
114,77382,44883,Tiffin,OH,Tiffin,Seneca County,3415,1199500,1132000,1075800,1097000,1004000,978900,1027500,1037800,1100000,1119400,1193400,1270300
115,77035,44135,Cleveland,OH,Cleveland-Elyria,Cuyahoga County,3427,1097400,980500,868500,851100,758200,690500,732500,739200,709900,783900,834900,955700
116,77794,45750,Marietta,OH,Marietta,Washington County,3457,1164900,1178600,1134900,1156900,1118700,1120300,1199800,1209400,1299500,1330400,1353400,1460500
117,77416,45042,Middletown,OH,Cincinnati,Butler County,3515,1470600,1407700,1313600,1256100,1101400,1111200,1087200,1125700,1239000,1303600,1348300,1477000
118,77308,44708,Canton,OH,Canton-Massillon,Stark County,3575,1341900,1237000,1150700,1076000,975400,976600,1008400,1053600,1068800,1131600,1227200,1316700
119,77291,44685,Uniontown,OH,Canton-Massillon,Stark County,3601,1964900,1864700,1790100,1778600,1750700,1769600,1814900,1916000,1947200,2020300,2155100,2321800
120,77043,44143,Richmond Heights,OH,Cleveland-Elyria,Cuyahoga County,3631,2339100,2137100,2062500,1954300,1863700,1888100,1869400,1902600,1922600,2019900,2138700,2286000
121,77036,44136,Strongsville,OH,Cleveland-Elyria,Cuyahoga County,3768,2348900,2220700,2093400,2126300,2047000,2048900,2122800,2161500,2191300,2293000,2448600,2602000
122,76533,43119,Columbus,OH,Columbus,Franklin County,3800,1665300,1601800,1568400,1577600,1474300,1406700,1467800,1527200,1635600,1738100,1912000,2057400
123,76479,43035,Columbus,OH,Columbus,Franklin County,3865,3230900,3160500,3104200,3114700,2997400,2978200,3083400,3241300,3422400,3624200,3910100,4220800
124,77190,44460,Salem,OH,Salem,Columbiana County,3866,1155500,1102700,1066500,1016600,950900,994200,1003700,1055100,1104800,1132700,1175900,1265800
125,77531,45240,Forest Park,OH,Cincinnati,Hamilton County,3887,1540100,1429000,1278400,1221700,1196400,1151200,1147500,1157700,1259500,1323000,1459400,1586300
126,77535,45244,Dry Run,OH,Cincinnati,Hamilton County,3913,2692500,2558300,2455600,2406800,2363900,2434700,2437100,2481800,2610000,2820200,2955000,3146800
127,76452,43004,Blacklick,OH,Columbus,Franklin County,3965,2187900,2083400,2018000,1965600,1871800,1806100,1895500,1999500,2097700,2223400,2452300,2673400
128,76490,43054,New Albany,OH,Columbus,Franklin County,3991,4223300,3893400,3697400,3574800,3417600,3492200,3744800,3880200,4147100,4336100,4591700,4717600
129,77196,44483,Warren,OH,Youngstown-Warren-Boardman,Trumbull County,4009,911500,868200,819100,779200,711400,684100,627500,662000,691200,677400,721500,794300
130,76515,43085,Worthington,OH,Columbus,Franklin County,4037,2623500,2589800,2577900,2569000,2515000,2551400,2662000,2826200,3046800,3317500,3569000,3727900
131,77616,45356,Piqua,OH,Dayton,Miami County,4057,1082100,1042500,989200,953100,935500,928500,932200,942600,930700,919400,982400,1025500
132,77503,45212,Norwood,OH,Cincinnati,Hamilton County,4082,1402900,1329200,1252200,1216800,1164700,1163000,1180600,1199300,1263000,1372100,1498600,1600700
133,76571,43202,Columbus,OH,Columbus,Franklin County,4107,1920800,1941400,1949800,1965700,1890500,1872500,2002400,2120900,2330300,2560000,2865400,3088700
134,76765,43606,Toledo,OH,Toledo,Lucas County,4148,1484200,1396400,1279200,1201600,1096700,1075800,1083200,1129200,1174700,1218500,1337900,1359000
135,77389,44903,Mansfield,OH,Mansfield,Richland County,4155,1208600,1120900,1070900,1010500,1000200,995900,1001900,1034000,1071100,1104100,1095800,1291900
136,77460,45133,Hillsboro,OH,,Highland County,4230,1244700,1171600,1082200,1030100,1010800,1008000,1032100,1071500,1114700,1137200,1197700,1269000
137,77413,45039,Maineville,OH,Cincinnati,Warren County,4245,2229200,2140600,2062900,2018500,1947000,1983500,2050600,2122700,2193800,2292700,2503200,2635000
138,77532,45241,Sharonville,OH,Cincinnati,Hamilton County,4277,2516200,2409700,2268200,2210200,2122600,2169300,2169500,2253400,2316900,2491100,2670200,2923800
139,77132,44319,Portage Lakes,OH,Akron,Summit County,4331,1604100,1493900,1404500,1404500,1313700,1263800,1342900,1393200,1374700,1450200,1533700,1673600
140,77016,44116,Rocky River,OH,Cleveland-Elyria,Cuyahoga County,4335,2500800,2356000,2286300,2375800,2333200,2365100,2540000,2634500,2700900,2849300,3076100,3270400
141,76942,44012,Avon Lake,OH,Cleveland-Elyria,Lorain County,4336,2625800,2532000,2439900,2474000,2363600,2320400,2442700,2600600,2724200,2888300,3024200,3224500
142,76594,43227,Columbus,OH,Columbus,Franklin County,4401,1102900,990100,875300,852300,755500,678200,570900,631900,710900,777900,890200,1111700
143,77218,44514,Boardman,OH,Youngstown-Warren-Boardman,Mahoning County,4407,1403500,1393000,1299500,1273300,1267800,1182100,1271100,1287200,1356000,1426600,1489300,1598800
144,77044,44144,Cleveland,OH,Cleveland-Elyria,Cuyahoga County,4420,1235900,1139600,1061200,1032300,896500,803600,806400,819200,837800,875600,1001600,1111000
145,77539,45248,Bridgetown,OH,Cincinnati,Hamilton County,4423,1838800,1707700,1623700,1558300,1530300,1540000,1536900,1550200,1611100,1629800,1663500,1795100
146,77493,45202,Cincinnati,OH,Cincinnati,Hamilton County,4449,2547200,2473000,2401200,2384400,2288200,2327800,2361800,2525100,2925500,3152400,3439300,3859600
147,77124,44310,Akron,OH,Akron,Summit County,4456,928200,836000,748700,680700,586000,475300,526700,517700,579300,510100,592100,727400
148,76529,43113,Circleville,OH,Columbus,Pickaway County,4476,1466900,1450400,1396400,1394100,1356500,1346700,1395400,1438600,1489800,1594200,1707600,1802700
149,77822,45805,Lima,OH,Lima,Allen County,4518,1172200,1117200,1068400,1056400,1002200,980100,1004300,1016600,1033100,1066900,1103800,1138200
150,77197,44484,Warren,OH,Youngstown-Warren-Boardman,Trumbull County,4521,1132800,1113800,1063500,1021400,963900,960400,975000,1000200,1008900,1066500,1147200,1233000
151,77037,44137,Maple Heights,OH,Cleveland-Elyria,Cuyahoga County,4529,1267600,1092500,891100,790500,612300,516200,504700,541000,569700,612800,655000,688300
152,76890,43920,East Liverpool,OH,Salem,Columbiana County,4550,672000,649100,642000,625100,581800,597100,589100,600800,603500,576700,630400,728600
153,77538,45247,White Oak,OH,Cincinnati,Hamilton County,4570,2435400,2251300,2111100,2054000,2019600,2028400,2036900,2026500,2146800,2206700,2331500,2497800
154,77528,45237,Cincinnati,OH,Cincinnati,Hamilton County,4628,1238700,1104300,927300,894300,883400,869900,839200,843800,874500,880800,1007900,1120900
155,77038,44138,Olmsted Falls,OH,Cleveland-Elyria,Cuyahoga County,4662,2010800,1869300,1812700,1812900,1740900,1703300,1740900,1804400,1835800,1905300,2018700,2162000
156,77677,45440,Kettering,OH,Dayton,Montgomery County,4699,1993900,1911000,1812400,1816800,1795600,1767900,1774400,1861700,1929600,1997000,2102600,2275200
157,77182,44446,Niles,OH,Youngstown-Warren-Boardman,Trumbull County,4718,892600,848800,803600,768100,707900,645500,649400,657900,656900,648800,700800,779200
158,76947,44024,Chardon,OH,Cleveland-Elyria,Geauga County,4732,2532000,2329500,2263200,2325400,2238400,2205900,2256400,2348300,2351100,2457800,2595600,2745100
159,77151,44406,Canfield,OH,Youngstown-Warren-Boardman,Mahoning County,4739,1892800,1903400,1850000,1804200,1749000,1770500,1859400,1917100,1938200,2060500,2221200,2336600
160,77491,45177,Wilmington,OH,Wilmington,Clinton County,4761,1910200,1860800,1762400,1496300,1390600,1374800,1428900,1415700,1486300,1602500,1666000,1776700
161,77431,45066,Springboro,OH,Cincinnati,Warren County,4767,2586500,2519100,2438200,2409200,2305300,2394700,2493600,2608300,2672700,2753600,2930700,3076900
162,76780,43623,Toledo,OH,Toledo,Lucas County,4770,1496300,1383200,1260900,1176600,1110000,1101300,1150300,1195500,1272800,1352500,1391000,1401700
163,77515,45224,Cincinnati,OH,Cincinnati,Hamilton County,4788,1368800,1267000,1090600,1061400,1038200,1020500,1019200,1013800,1029500,1104600,1239700,1326300
164,77533,45242,Blue Ash,OH,Cincinnati,Hamilton County,4791,3050700,2904900,2860500,2826100,2797300,2895800,2957500,3000000,3297400,3710700,3951600,4360300
165,77440,45102,Amelia,OH,Cincinnati,Clermont County,4792,1827100,1704600,1620200,1645500,1579700,1551600,1601800,1627300,1686900,1753600,1889400,1974800
166,77120,44306,Akron,OH,Akron,Summit County,4807,785000,685400,529300,440600,436900,342100,371200,371300,384800,392100,417200,489300
167,76562,43160,Washington Court House,OH,Washington Court House,Fayette County,4816,1257400,1218200,1176400,1108600,1026600,975100,997100,1055100,1072300,1135800,1214000,1288800
168,77083,44236,Hudson,OH,Akron,Summit County,4853,3553100,3401900,3299100,3132000,3184800,3199300,3311800,3391700,3502700,3692300,3940600,4070100
169,77039,44139,Solon,OH,Cleveland-Elyria,Cuyahoga County,4863,3248600,3055300,2909800,2810700,2746700,2806500,2868200,3008000,3030200,3111300,3304500,3460100
170,77119,44305,Akron,OH,Akron,Summit County,4871,936300,851800,750000,691300,574700,514700,554000,602700,627300,590000,659500,729300
171,77546,45255,Cincinnati,OH,Cincinnati,Hamilton County,4893,2228900,2188400,2040700,2025200,1977000,2004900,2027300,2048200,2153800,2353900,2611300,2722600
172,77499,45208,Cincinnati,OH,Cincinnati,Hamilton County,4919,3849400,3751000,3699600,3754300,3635000,3748100,3847100,3913000,4268400,4707000,5179300,5275500
173,77655,45414,Dayton,OH,Dayton,Montgomery County,4933,1147700,1057900,1005200,992600,889800,852800,814800,838300,894800,905200,951200,977100
174,77584,45322,Englewood,OH,Dayton,Montgomery County,4949,1448000,1391500,1328600,1299000,1177100,1132400,1148700,1142800,1155600,1229000,1311500,1413700
175,76809,43725,Cambridge,OH,Cambridge,Guernsey County,4987,1040800,1012100,1003800,962500,956200,961100,1000400,1067600,1085600,1089200,1135300,1211000
176,77628,45371,Tipp City,OH,Dayton,Miami County,5057,1957800,1897100,1811500,1733400,1694500,1721900,1789600,1808100,1882900,1979600,2108700,2215000
177,76990,44087,Twinsburg,OH,Akron,Summit County,5090,2454200,2384400,2357000,2324900,2263900,2320100,2411700,2501400,2587100,2636300,2774100,2886600
178,77819,45801,Lima,OH,Lima,Allen County,5098,841500,810500,778400,775400,740800,716400,733700,742200,752700,770800,781300,785300
179,77425,45056,Oxford,OH,Cincinnati,Butler County,5109,2172200,2059300,1896600,1819400,1705700,1796200,1846300,1814900,1900200,1934900,2067400,2284800
180,76692,43452,Port Clinton,OH,Port Clinton,Ottawa County,5118,1619900,1529400,1467600,1469500,1425600,1447000,1483100,1484000,1507400,1559300,1626600,1637200
181,77518,45227,Cincinnati,OH,Cincinnati,Hamilton County,5140,1232800,1228400,1098000,1065300,1075000,1061800,1092700,1100700,1214400,1320100,1484100,1746000
182,76775,43616,Oregon,OH,Toledo,Lucas County,5151,1648400,1556800,1372600,1328900,1293900,1311000,1360200,1379400,1381700,1464600,1507100,1556500
183,77133,44320,Akron,OH,Akron,Summit County,5156,937700,817300,671100,581700,467800,346800,393200,445400,447500,397400,454700,540600
184,77680,45449,West Carrollton,OH,Dayton,Montgomery County,5205,1395400,1410600,1285900,1269700,1178400,1105600,1097800,1163000,1206900,1285900,1365100,1452000
185,76976,44067,Northfield,OH,Akron,Summit County,5206,2262400,2207700,2054700,2018700,1987900,1964400,1999000,2034000,2113800,2199500,2264400,2471500
186,76579,43211,Columbus,OH,Columbus,Franklin County,5217,0,0,0,0,0,0,0,346700,398600,406100,383000,499000
187,76966,44053,Lorain,OH,Cleveland-Elyria,Lorain County,5222,1633200,1483600,1381700,1360900,1299600,1265600,1219900,1231300,1304300,1400900,1467700,1530600
188,76936,44001,Amherst,OH,Cleveland-Elyria,Lorain County,5226,1815500,1737300,1645700,1607300,1513400,1479600,1550200,1605200,1627900,1719400,1730500,1827800
189,76941,44011,Avon,OH,Cleveland-Elyria,Lorain County,5243,2931200,2764400,2741500,2724900,2638700,2725700,2814700,3035900,3058700,3269000,3290000,3494300
190,77031,44131,Seven Hills,OH,Cleveland-Elyria,Cuyahoga County,5255,2132800,1988400,1961300,1901500,1793600,1803800,1887000,1927100,1958400,1997400,2132600,2253900
191,77064,44202,Aurora,OH,Akron,Portage County,5268,2593000,2459000,2437600,2466500,2364400,2390600,2496200,2629900,2726200,2744700,2969300,3117500
192,77215,44511,Youngstown,OH,Youngstown-Warren-Boardman,Mahoning County,5291,905900,866000,798600,783300,782900,697900,702900,702300,730400,738500,796300,850400
193,77696,45505,Springfield,OH,Springfield,Clark County,5309,819200,798600,778500,740100,700100,687800,691900,689700,638700,578000,605900,654700
194,77542,45251,Northgate,OH,Cincinnati,Hamilton County,5348,1472900,1348300,1222000,1190900,1162700,1119500,1114000,1124900,1211500,1287000,1400000,1475900
195,77536,45245,Cincinnati,OH,Cincinnati,Hamilton County,5400,1976200,1823900,1762700,1775200,1726700,1695100,1655300,1731200,1799800,1867400,2041600,2131000
196,77837,45822,Celina,OH,Celina,Mercer County,5403,1200900,1303000,1285500,1224300,1210600,1373000,1646800,1640100,1476300,1484500,1592500,1674400
197,76861,43812,Coshocton,OH,Coshocton,Coshocton County,5419,897100,893600,887300,879100,870400,841000,872300,876700,932100,934100,967000,1014900
198,77309,44709,Canton,OH,Canton-Massillon,Stark County,5424,1324500,1262900,1141500,1106800,1000200,1020500,1010000,1051800,1106900,1177200,1215400,1304200
199,77256,44641,Louisville,OH,Canton-Massillon,Stark County,5444,1502800,1436300,1365700,1328000,1275200,1271700,1314000,1367900,1437100,1487300,1513200,1612400
200,76598,43231,Columbus,OH,Columbus,Franklin County,5457,1658900,1605900,1530900,1504600,1402000,1317200,1420100,1475800,1570000,1667500,1831800,2021000
201,77023,44123,Euclid,OH,Cleveland-Elyria,Cuyahoga County,5471,1311300,1104300,871700,855300,742900,591200,608400,624400,634100,726200,835200,867200
202,77047,44147,Broadview Heights,OH,Cleveland-Elyria,Cuyahoga County,5502,2707000,2526300,2404100,2407300,2366700,2357100,2413000,2499800,2558600,2635100,2813300,3006400
203,76621,43311,Bellefontaine,OH,Bellefontaine,Logan County,5536,1191400,1223300,1180500,1156900,1115000,1111100,1171000,1219100,1219200,1259900,1350000,1417500
204,77408,45030,Harrison,OH,Cincinnati,Hamilton County,5567,1910800,1815700,1728900,1680800,1658000,1657400,1654000,1683600,1769200,1845900,1978100,2024600
205,76770,43611,Toledo,OH,Toledo,Lucas County,5575,1158700,1061500,930300,848600,763800,744400,781800,796300,839300,843200,911800,970700
206,77075,44223,Cuyahoga Falls,OH,Akron,Summit County,5644,1665500,1607500,1582200,1537100,1474300,1433200,1486300,1504200,1531400,1600800,1688100,1786400
207,76543,43138,Logan,OH,Columbus,Hocking County,5659,1266900,1215900,1200700,1150200,1125700,1061000,1129500,1130700,1198400,1239700,1308900,1480800
208,77128,44314,Akron,OH,Akron,Summit County,5660,0,0,0,266800,474600,432100,435300,476600,442300,399100,461400,554200
209,77048,44149,Strongsville,OH,Cleveland-Elyria,Cuyahoga County,5678,2302300,2185800,2081100,2083000,2031800,2031700,2096800,2139900,2163900,2213800,2380000,2567500
210,77510,45219,Cincinnati,OH,Cincinnati,Hamilton County,5688,1218900,1090000,986100,916500,916000,952800,956400,989500,1110400,1198900,1355100,1439900
211,76544,43140,London,OH,Columbus,Madison County,5702,1538800,1494200,1498300,1495800,1413000,1413000,1446000,1478400,1591300,1660800,1841600,1879600
212,77042,44142,Brook Park,OH,Cleveland-Elyria,Cuyahoga County,5728,1497100,1382600,1317200,1306700,1206500,1144800,1129500,1085200,1145500,1283600,1382000,1481500
213,76943,44017,Berea,OH,Cleveland-Elyria,Cuyahoga County,5733,1578700,1474200,1411900,1418400,1365700,1338400,1374000,1402000,1426900,1496600,1568000,1653100
214,77026,44126,Fairview Park,OH,Cleveland-Elyria,Cuyahoga County,5747,1716200,1588500,1576600,1604600,1502100,1531500,1571800,1616000,1647200,1716300,1893600,2064600
215,76915,43952,Steubenville,OH,Weirton-Steubenville,Jefferson County,5759,708900,667100,653300,651400,636200,607400,592400,662300,599900,626300,707600,822000
216,76970,44057,Madison,OH,Cleveland-Elyria,Lake County,5762,1700800,1659000,1549800,1498300,1405500,1419200,1410600,1465000,1417500,1449000,1525000,1631700
217,77392,44906,Mansfield,OH,Mansfield,Richland County,5770,1057000,968900,917300,855300,835700,817600,800300,805100,821900,823000,854600,947100
218,77343,44830,Fostoria,OH,Tiffin,Seneca County,5788,964500,900700,875500,876900,802400,770000,759600,755600,773400,833400,866800,893900
219,77139,44333,Fairlawn,OH,Akron,Summit County,5863,2832800,2690800,2617600,2541000,2396400,2425800,2451000,2553200,2594200,2746600,2960200,3106600
220,77261,44647,Massillon,OH,Canton-Massillon,Stark County,5869,1072600,1003700,957500,880800,847900,876000,841500,857600,912700,936600,1008600,1144000
221,77107,44278,Tallmadge,OH,Akron,Summit County,5888,1841400,1749200,1673800,1623600,1574500,1557600,1588800,1658200,1707900,1765200,1881400,1976300
222,76994,44092,Wickliffe,OH,Cleveland-Elyria,Lake County,5909,1666000,1552700,1448200,1418900,1340500,1271900,1267900,1292300,1260600,1341200,1395900,1439400
223,76968,44055,Lorain,OH,Cleveland-Elyria,Lorain County,5920,930300,804600,655400,604200,465500,466500,510900,492500,496100,593000,638500,663000
224,77665,45426,Trotwood,OH,Dayton,Montgomery County,5975,1226400,1092900,944600,863600,792600,743400,726400,715800,739800,785800,858400,911600
225,77086,44241,Streetsboro,OH,Akron,Portage County,5984,1659300,1622700,1572300,1542600,1520500,1535500,1585800,1598100,1650800,1730700,1841200,1957000
226,77153,44410,Cortland,OH,Youngstown-Warren-Boardman,Trumbull County,5992,1350700,1315500,1287100,1276800,1245400,1311500,1369200,1322100,1363400,1420200,1520000,1624200
227,77899,45895,Wapakoneta,OH,Wapakoneta,Auglaize County,6086,1298000,1157800,1145700,1113800,1091700,1050500,1096200,1148900,1212800,1288800,1386200,1463500
228,76992,44089,Vermilion,OH,Cleveland-Elyria,Lorain County,6109,1688100,1633800,1547000,1489200,1413100,1462300,1492900,1461700,1465500,1480500,1574400,1644200
229,77032,44132,Euclid,OH,Cleveland-Elyria,Cuyahoga County,6136,1339800,1141900,900400,900600,865600,680100,715500,780500,792600,800000,942700,939300
230,77660,45419,Oakwood,OH,Dayton,Montgomery County,6184,1835100,1736100,1691700,1673700,1586700,1579100,1584500,1624400,1738500,1845300,1918300,2037500
231,77511,45220,Cincinnati,OH,Cincinnati,Hamilton County,6186,2295100,2342900,2142000,2098400,2107000,2223100,2242200,2276700,2381500,2539200,2686600,2968100
232,77652,45410,Dayton,OH,Dayton,Montgomery County,6215,0,0,0,345600,560800,558800,574800,527300,466000,533900,625900,725800
233,77306,44706,Canton,OH,Canton-Massillon,Stark County,6231,1113400,1011800,946300,910100,848000,799200,818500,877800,892500,939400,1008800,1129000
234,77393,44907,Mansfield,OH,Mansfield,Richland County,6289,1130600,1031900,980300,908100,896900,881200,872700,882400,904500,931100,998800,1013500
235,76945,44022,Chagrin Falls,OH,Cleveland-Elyria,Geauga County,6290,4204700,3865600,3758400,3678600,3468600,3512100,3613200,3710000,3767900,3904300,4089700,4289900
236,76946,44023,Chagrin Falls,OH,Cleveland-Elyria,Geauga County,6298,3333400,3066100,2972100,3042500,2924600,2890700,2975400,3114600,3183900,3316300,3494400,3618500
237,77695,45504,Springfield,OH,Springfield,Clark County,6330,1361500,1289900,1254100,1204000,1156900,1148900,1176000,1189800,1223800,1268300,1345000,1467900
238,76726,43528,Holland,OH,Toledo,Lucas County,6406,2167900,2055300,1897500,1912900,1834700,1836300,1915500,1987500,2058700,2137800,2204100,2306100
239,77632,45377,Vandalia,OH,Dayton,Montgomery County,6427,1608100,1523300,1437600,1433400,1342900,1356600,1379200,1407400,1375700,1430400,1485600,1601100
240,77605,45344,New Carlisle,OH,Springfield,Clark County,6429,1205300,1154500,1123800,1072300,1027100,1006600,1023100,1039600,1026300,1028400,1145300,1256700
241,77500,45209,Cincinnati,OH,Cincinnati,Hamilton County,6441,2189200,2133500,2080300,2000600,1990800,2063300,2108600,2132200,2372900,2645600,2866200,3073700
242,77693,45502,Northridge,OH,Springfield,Clark County,6461,1765800,1688400,1651800,1592600,1553400,1537700,1586500,1630400,1731800,1818500,1908100,2017000
243,77161,44420,Girard,OH,Youngstown-Warren-Boardman,Trumbull County,6526,935200,887400,823000,790700,747800,724000,714800,705200,730700,755000,811800,883800
244,76709,43506,Bryan,OH,,Williams County,6538,1258800,1197000,1114200,1102800,1070000,1073300,1121800,1123800,1151200,1206000,1271500,1334800
245,77896,45891,Van Wert,OH,Van Wert,Van Wert County,6592,1060500,1009600,963400,999100,950000,916100,939700,896400,928800,1027500,1044000,1182200
246,77582,45320,Eaton,OH,,Preble County,6618,0,0,0,871800,1630100,1434600,1164400,1170200,1196500,1192300,1242600,1428500
247,77537,45246,Springdale,OH,Cincinnati,Hamilton County,6623,1490000,1418800,1311300,1295900,1282900,1253300,1249200,1260100,1338100,1384800,1457000,1555100
248,77821,45804,Lima,OH,Lima,Allen County,6661,432900,404800,384000,372300,347800,335400,319800,321500,316300,305700,296200,300400
249,77497,45206,Cincinnati,OH,Cincinnati,Hamilton County,6681,1261500,1215800,1102600,1001300,1024100,1028900,1028100,1037300,1201500,1400100,1560300,1736500
250,77165,44425,Hubbard,OH,Youngstown-Warren-Boardman,Trumbull County,6687,975200,933900,894100,885800,858700,873200,859800,881300,889300,905900,941300,1048000
251,76950,44030,Conneaut,OH,Ashtabula,Ashtabula County,6745,974700,947400,909400,903200,835700,816800,838900,854600,822100,844400,868100,914000
252,77520,45229,Cincinnati,OH,Cincinnati,Hamilton County,6758,1682400,1523800,1419500,1412300,1346200,1354800,1383800,1387500,1444800,1544800,1757900,1840100
253,76957,44041,Geneva,OH,Ashtabula,Ashtabula County,6763,1255900,1231300,1178300,1187600,1121200,1122100,1151600,1176600,1131500,1179100,1219500,1280800
254,77040,44140,Bay Village,OH,Cleveland-Elyria,Cuyahoga County,6788,2340800,2216500,2169400,2255000,2125100,2192400,2302300,2371100,2404500,2567300,2854300,3007300
255,76913,43950,Saint Clairsville,OH,Wheeling,Belmont County,6836,1289800,1306300,1344100,1340000,1406000,1403700,1541900,1575400,1627600,1655100,1755700,1819200
256,77134,44321,Copley,OH,Akron,Summit County,6858,2302500,2368700,2245500,2183300,2178300,2159800,2120500,2322400,2279700,2467500,2638200,2723600
257,77514,45223,Cincinnati,OH,Cincinnati,Hamilton County,6879,1000800,917200,799400,777600,758800,740800,746000,761600,873300,1064500,1265000,1533600
258,77115,44301,Akron,OH,Akron,Summit County,6882,978500,894200,760500,702800,609500,698800,649800,635600,606300,612600,633200,773100
259,77390,44904,Lexington,OH,Mansfield,Richland County,6899,1591200,1467900,1389900,1328800,1299800,1295500,1293800,1342300,1420900,1495400,1551300,1703500
260,77348,44839,Huron,OH,Sandusky,Erie County,6912,1858900,1775200,1709700,1651600,1606100,1629600,1665700,1718900,1722500,1769500,1859300,1960600
261,77534,45243,Madeira,OH,Cincinnati,Hamilton County,7049,3584100,3568900,3328200,3292000,3284200,3443600,3509100,3554100,3923000,4348400,4760300,5011400
262,76535,43125,Groveport,OH,Columbus,Franklin County,7057,1723200,1631500,1557000,1524300,1440300,1441000,1445900,1463600,1610000,1670700,1847600,2043200
263,77540,45249,Montgomery,OH,Cincinnati,Hamilton County,7138,3826300,3564900,3392600,3328000,3353700,3527400,3568900,3620200,3928500,4137900,4399000,4551500
264,77524,45233,Cincinnati,OH,Cincinnati,Hamilton County,7159,2440200,2319700,2149500,2079300,2117800,2096700,2058700,2043800,2118600,2233400,2414500,2518800
265,77377,44875,Shelby,OH,Mansfield,Richland County,7180,1151700,1060600,1005300,944700,930300,921200,924600,947500,986500,1014900,997500,1114600
266,77019,44119,Cleveland,OH,Cleveland-Elyria,Cuyahoga County,7203,1204200,1078500,857900,816800,682700,576500,568900,643300,648300,703400,803400,819900
267,77041,44141,Brecksville,OH,Cleveland-Elyria,Cuyahoga County,7207,2921600,2783300,2704900,2632100,2599000,2620400,2683400,2770800,2862000,2975000,3183000,3342700
268,77314,44718,Canton,OH,Canton-Massillon,Stark County,7221,2444100,2240400,2141700,2085000,2066800,2021100,2119600,2188400,2263900,2427000,2487200,2654500
269,77504,45213,Cincinnati,OH,Cincinnati,Hamilton County,7278,1593500,1577700,1485400,1439000,1413700,1436900,1455800,1476700,1568300,1711400,1920900,2118500
270,77396,45002,Cleves,OH,Cincinnati,Hamilton County,7369,2484900,2332500,2155900,2093500,2056800,2099200,2130800,2112000,2250800,2266200,2432100,2590100
271,76497,43064,Plain City,OH,Columbus,Union County,7394,2356700,2267100,2243300,2274500,2154600,2195600,2232500,2319000,2557300,2912300,3074600,3331600
272,77890,45885,Saint Marys,OH,Wapakoneta,Auglaize County,7444,973900,1026400,1021400,1001400,986000,962200,1018900,1059100,1103600,1163500,1239000,1320800
273,77017,44117,Euclid,OH,Cleveland-Elyria,Cuyahoga County,7465,1400200,1251000,1087900,1078000,943600,838800,795800,800000,856800,914600,1008200,1047600
274,77316,44721,Canton,OH,Canton-Massillon,Stark County,7469,1707100,1631300,1532300,1536800,1509900,1545400,1619800,1690900,1748700,1802900,1901100,2000900
275,77656,45415,Clayton,OH,Dayton,Montgomery County,7477,1577400,1486200,1368100,1319000,1190100,1143400,1177700,1126900,1194700,1289500,1375300,1475800
276,76752,43558,Swanton,OH,Toledo,Fulton County,7490,1642600,1558200,1493700,1453700,1409200,1401100,1441300,1512800,1518100,1620200,1722100,1846800
277,77277,44667,Orrville,OH,Wooster,Wayne County,7513,1383000,1327900,1307000,1244000,1229600,1255400,1304200,1338400,1382800,1456400,1508000,1559000
278,77432,45067,Trenton,OH,Cincinnati,Butler County,7514,1589000,1483500,1416800,1400700,1339600,1352500,1378600,1412300,1465900,1556700,1641200,1764200
279,76916,43953,Wintersville,OH,Weirton-Steubenville,Jefferson County,7515,0,0,0,0,0,0,0,0,1161000,1080200,1128500,1176600
280,77096,44260,Mogadore,OH,Akron,Portage County,7518,1677300,1617200,1563900,1520600,1486600,1468500,1482600,1492400,1506900,1584200,1661900,1750800
281,77761,45694,Wheelersburg,OH,Portsmouth,Scioto County,7534,0,0,0,571500,1005600,1036700,1154000,1132000,1106600,1150400,1221500,1295800
282,76756,43567,Wauseon,OH,Toledo,Fulton County,7579,1364200,1303200,1256800,1244200,1218100,1233300,1281900,1361500,1408100,1492600,1557700,1610500
283,77232,44614,Canal Fulton,OH,Canton-Massillon,Stark County,7597,1677900,1613300,1503900,1464100,1367900,1398400,1455800,1508300,1544200,1598200,1728400,1848200
284,77329,44811,Bellevue,OH,Fremont,Sandusky County,7617,956300,970000,1149500,1140300,1091600,1058000,1090000,1074800,1036100,1058800,1116500,1196100
285,76967,44054,Sheffield Lake,OH,Cleveland-Elyria,Lorain County,7666,1411700,1331900,1217900,1221100,1144900,1072900,1155600,1131000,1164700,1256000,1371600,1459400
286,76476,43031,Johnstown,OH,Columbus,Licking County,7686,2084900,1982700,1904000,1920800,1883600,1882600,2288300,3371300,3382600,2623800,2561400,2849500
287,77572,45309,Brookville,OH,Dayton,Montgomery County,7712,1564000,1487400,1388200,1398500,1267300,1254000,1218800,1227700,1356600,1394600,1566600,1666200
288,77391,44905,Mansfield,OH,Mansfield,Richland County,7759,967300,889400,845200,788800,783900,763600,752000,764200,778600,788600,811500,942800
289,77824,45807,Elida,OH,Lima,Allen County,7771,1467800,1420600,1383800,1374500,1330900,1331000,1382800,1423900,1472200,1552700,1625000,1677700
290,77676,45439,Moraine,OH,Dayton,Montgomery County,7798,1116900,1101300,1042300,1007100,881000,821900,857800,856300,861500,900700,1005900,1071800
291,77772,45714,Belpre,OH,Marietta,Washington County,7822,1079000,1094200,1050100,1071300,1047400,1058300,1140000,1159000,1237600,1258300,1287500,1421600
292,77404,45015,Hamilton,OH,Cincinnati,Butler County,7830,1135000,1119800,1029300,980700,841800,765300,797300,819800,843300,922600,1015600,1072000
293,76682,43440,Marblehead,OH,Port Clinton,Ottawa County,7840,1937300,1831700,1774000,1809700,1776500,1843100,1959700,2010000,2050700,2139300,2236500,2292400
294,76969,44056,Macedonia,OH,Akron,Summit County,7868,2235600,2082100,2038400,2026400,1962500,2005600,2053200,2102900,2178700,2259600,2370600,2547600
295,77471,45152,Morrow,OH,Cincinnati,Warren County,7959,2123600,2079500,1991500,1921400,1848200,1875600,1919000,1962600,2058400,2177200,2385700,2516700
296,77443,45106,Bethel,OH,Cincinnati,Clermont County,7970,1389200,1299800,1139700,1157000,1116500,1073200,1031500,1216500,1258400,1322800,1454500,1550200
297,76469,43023,Granville,OH,Columbus,Licking County,7975,2801300,2687900,2632800,2664600,2567900,2579700,3200200,4758200,4953400,3871600,3575300,3782900
298,77726,45648,Lucasville,OH,Portsmouth,Scioto County,7980,0,0,0,479000,837400,880500,977100,979300,967900,992200,1054300,1090700
299,77233,44615,Carrollton,OH,Canton-Massillon,Carroll County,7994,965400,925700,910200,939100,895100,883800,911100,978300,973200,985500,1065500,1166100
300,77823,45806,Fort Shawnee,OH,Lima,Allen County,8056,1299300,1259400,1211900,1210600,1155400,1151200,1172500,1203300,1265100,1347600,1403400,1457600
301,77192,44471,Struthers,OH,Youngstown-Warren-Boardman,Mahoning County,8074,815400,714800,648600,666700,689500,630800,563300,568600,587900,620300,653100,701600
302,76958,44044,Grafton,OH,Cleveland-Elyria,Lorain County,8100,1811200,1696900,1617300,1602800,1500100,1577900,1609100,1571200,1652000,1749200,1850400,1936800
303,76993,44090,Wellington,OH,Cleveland-Elyria,Lorain County,8107,1714400,1694400,1613800,1579500,1416700,1525800,1555600,1493400,1623100,1682700,1774200,1939300
304,77152,44408,Columbiana,OH,Salem,Columbiana County,8139,1346900,1295100,1281400,1247700,1175900,1235600,1263500,1336200,1393300,1437900,1561200,1626700
305,77171,44432,Lisbon,OH,Salem,Columbiana County,8149,910700,887700,879300,841100,785300,811900,804200,827100,842300,832000,893500,980300
306,76521,43103,Ashville,OH,Columbus,Pickaway County,8161,1757400,1725400,1640900,1629600,1587900,1584000,1653100,1716000,1770300,1894900,2026400,2134400
307,76973,44062,Middlefield,OH,Cleveland-Elyria,Geauga County,8232,1654100,1515300,1474800,1529600,1489000,1475400,1556400,1619700,1629900,1685800,1785200,1897500
308,76467,43021,Galena,OH,Columbus,Delaware County,8245,3828400,3839800,3794200,3676600,3530700,3504100,3624900,3780400,3959800,4237300,4565100,4807300
309,77568,45305,Bellbrook,OH,Dayton,Greene County,8289,2193900,2109400,2058400,2079900,1973900,1982600,2027300,2040500,2115800,2277400,2393900,2606400
310,77180,44444,Newton Falls,OH,Youngstown-Warren-Boardman,Trumbull County,8294,1053700,1014900,992300,981300,912600,833800,837700,880100,904300,878500,920900,1021000
311,77194,44481,Lordstown,OH,Youngstown-Warren-Boardman,Trumbull County,8320,1229000,1198800,1162400,1175900,1154000,1171100,1239600,1290800,1275800,1320900,1412300,1475700
312,76948,44026,Chesterland,OH,Cleveland-Elyria,Geauga County,8329,2712500,2486600,2416400,2479700,2339300,2268800,2287100,2354600,2361300,2439700,2599200,2758300
313,77433,45068,Waynesville,OH,Cincinnati,Warren County,8330,2148700,2089500,2044500,2022800,2001800,2056600,1996400,2040900,2282000,2331600,2497900,2732400
314,77844,45833,Delphos,OH,Lima,Allen County,8363,1025100,1006500,970200,982500,956700,980100,977000,1003500,1063800,1141000,1183200,1228800
315,77881,45875,Ottawa,OH,,Putnam County,8428,1434500,1515200,1561400,1505000,1570700,1644800,1636900,1564900,1664800,1727000,1800700,1900800
316,77269,44657,Minerva,OH,Canton-Massillon,Stark County,8449,1064700,997100,930200,894600,839900,874200,914200,906500,975900,1052900,1129300,1211700
317,76666,43410,Clyde,OH,Fremont,Sandusky County,8453,891100,923900,1097600,1103200,1074600,1057800,1077700,1102100,1147200,1200700,1276000,1398900
318,77455,45122,Goshen,OH,Cincinnati,Clermont County,8454,1476300,1384600,1307300,1298500,1263900,1280100,1317500,1368600,1394600,1437200,1622300,1704900
319,77419,45050,Monroe,OH,Cincinnati,Butler County,8460,1969500,1864700,1770500,1766400,1707600,1719400,1776700,1859400,1918100,2035700,2156400,2284700
320,76981,44074,Oberlin,OH,Cleveland-Elyria,Lorain County,8484,1703800,1652800,1575700,1522400,1426600,1436200,1470200,1449100,1493000,1587100,1686300,1802300
321,77313,44714,Canton,OH,Canton-Massillon,Stark County,8537,1081000,1013200,913300,860200,797100,721400,728300,802800,843200,837500,908700,996600
322,77307,44707,Canton,OH,Canton-Massillon,Stark County,8599,767900,662800,575100,512300,440600,392900,431700,433600,492000,523900,568100,651400
323,77248,44632,Hartville,OH,Canton-Massillon,Stark County,8655,1765500,1701600,1625400,1532500,1539100,1568000,1598200,1676100,1719700,1803800,1916000,2015000
324,77310,44710,Canton,OH,Canton-Massillon,Stark County,8700,911700,826800,698500,685100,596200,566100,526200,562600,564200,574600,594900,715500
325,77651,45409,Kettering,OH,Dayton,Montgomery County,8709,1696500,1643600,1552300,1510900,1421200,1372600,1477000,1587300,1552500,1590500,1652900,1751700
326,77273,44662,Navarre,OH,Canton-Massillon,Stark County,8769,1306500,1259500,1117500,1109300,1066800,1016700,1107000,1132700,1245700,1281100,1357800,1479900
327,77444,45107,Blanchester,OH,Wilmington,Clinton County,8778,1791600,1760600,1669500,1411500,1283400,1305700,1379900,1334700,1359100,1445500,1498300,1615500
328,76507,43076,Thornville,OH,Columbus,Perry County,8783,1603300,1470600,1449000,1440000,1437700,1453700,1620500,1724900,1811500,1797700,1793400,2046700
329,77473,45154,Mount Orab,OH,Cincinnati,Brown County,8785,1428600,1376400,1285600,1300200,1171800,1175700,1222400,1345700,1746400,1477200,1548100,1579000
330,76689,43449,Oak Harbor,OH,Port Clinton,Ottawa County,8801,1422200,1340100,1270100,1276900,1231300,1250700,1246900,1250700,1292400,1304800,1349100,1429800
331,76961,44047,Jefferson,OH,Ashtabula,Ashtabula County,8847,1295000,1258500,1203700,1226000,1204500,1242400,1271900,1276300,1258200,1299100,1355100,1419900
332,77476,45157,New Richmond,OH,Cincinnati,Clermont County,8888,1757900,1652800,1549500,1517100,1423800,1435100,1424600,1518200,1598300,1654900,1777900,1888200
333,77589,45327,Germantown,OH,Dayton,Montgomery County,8892,1562500,1532200,1392800,1346100,1252700,1274600,1325200,1335200,1370600,1452400,1570100,1633300
334,77454,45121,Georgetown,OH,Cincinnati,Brown County,8926,1213600,1152600,1074900,1090100,974400,979100,1011700,1097500,1456700,1261200,1309800,1343500
335,77490,45176,Williamsburg,OH,Cincinnati,Clermont County,8933,1388300,1334100,1309900,1305800,1210700,1102200,1194200,1322300,1360100,1479100,1561100,1610200
336,76900,43935,Martins Ferry,OH,Wheeling,Belmont County,8940,609800,601500,580800,555800,557200,559500,598000,597700,613300,624500,662000,712900
337,77071,44216,New Franklin,OH,Akron,Summit County,9001,1689700,1596600,1481900,1490900,1412400,1384700,1448000,1503000,1517700,1581900,1706200,1879800
338,77117,44303,Akron,OH,Akron,Summit County,9017,1740500,1657800,1540600,1519400,1450400,1475400,1508400,1518100,1525700,1636700,1730300,1906700
339,77797,45764,Nelsonville,OH,Athens,Athens County,9117,793400,782900,780000,770700,769200,746300,723800,730500,752100,770900,813900,847000
340,76466,43019,Fredericktown,OH,Mount Vernon,Knox County,9123,1101100,1104400,1134400,1113000,1018100,942700,956800,1025100,1276300,1389600,1544800,1614300
341,77456,45123,Greenfield,OH,,Highland County,9165,907300,859400,808200,769000,745200,741800,747700,763100,791300,764800,739000,771500
342,77101,44270,Rittman,OH,Wooster,Wayne County,9229,1273100,1257100,1229500,1163400,1128600,1143800,1171800,1176400,1161400,1172700,1227500,1352800
343,76949,44028,Grafton,OH,Cleveland-Elyria,Lorain County,9231,0,0,0,0,0,0,1761200,1951800,2029700,2092400,2204900,2462900
344,76473,43028,Howard,OH,Mount Vernon,Knox County,9292,1185100,1180700,1133800,1116300,1081700,1024100,1056700,1134500,1469500,1612200,1762700,1822000
345,76549,43146,Orient,OH,Columbus,Pickaway County,9315,2024500,2040100,1961300,1962600,1871500,1806500,1817200,1887600,1980500,2139500,2341200,2538300
346,77077,44230,Doylestown,OH,Wooster,Wayne County,9325,1703100,1657900,1632300,1552400,1511800,1524900,1557300,1579600,1594200,1675200,1748700,1820200
347,76739,43543,Montpelier,OH,,Williams County,9378,949100,896700,829400,816200,780400,777200,801500,805200,826600,845900,893800,941000
348,77078,44231,Garrettsville,OH,Akron,Portage County,9402,1691700,1586800,1565800,1538300,1511800,1513100,1566500,1575400,1635900,1687000,1798100,1863400
349,76522,43105,Baltimore,OH,Columbus,Fairfield County,9434,1956200,1824100,1760200,1725300,1710400,1695800,1741900,1835700,1926700,1962100,2138800,2377200
350,76837,43764,New Lexington,OH,Columbus,Perry County,9484,979300,904200,893800,871600,837400,840100,873500,862300,885400,965100,999200,1051400
351,76713,43515,Delta,OH,Toledo,Fulton County,9506,1447400,1375500,1326800,1292200,1229100,1228900,1257500,1312400,1326900,1407600,1462700,1523400
352,76755,43566,Waterville,OH,Toledo,Lucas County,9558,2175800,1979000,1868600,1878900,1890300,1791500,1884300,1941600,2038200,2176000,2255300,2429900
353,76799,43713,Barnesville,OH,Wheeling,Belmont County,9559,762800,767100,754500,735100,754900,754700,829600,882300,919400,937000,973000,1021400
354,77330,44813,Bellville,OH,Mansfield,Richland County,9582,1262900,1175200,1150800,1119300,1114400,1121100,1131400,1206800,1298500,1406600,1518100,1713500
355,77669,45430,Beavercreek,OH,Dayton,Greene County,9587,1916700,1897700,1842100,1914400,1844200,1806200,1803500,1834600,1903200,1969400,2022900,2203900
356,77093,44255,Mantua,OH,Akron,Portage County,9589,1937000,1875100,1858200,1805400,1749500,1721900,1738200,1740100,1802000,1896600,1972300,2131400
357,77517,45226,Cincinnati,OH,Cincinnati,Hamilton County,9649,2906000,2843900,2726800,2655200,2642200,2731900,2778900,2811000,3087600,3365000,3584200,3694600
358,76603,43240,Columbus,OH,Columbus,Franklin County,9661,2406000,2348200,2327600,2374600,2297800,2229500,2333200,2442600,2533100,2704200,2969300,3202700
359,77080,44233,Hinckley,OH,Cleveland-Elyria,Medina County,9691,3030000,3044400,2960500,2808900,2771300,2784700,2879600,3069500,3136800,3113200,3369900,3638900
360,77156,44413,East Palestine,OH,Salem,Columbiana County,9698,914000,884800,869300,828200,761900,791300,796400,854200,881800,879700,917500,916800
361,76922,43968,Wellsville,OH,Salem,Columbiana County,9751,637000,619800,614300,598800,561800,583500,577300,582900,564400,614600,632300,640700
362,77637,45383,West Milton,OH,Dayton,Miami County,9779,1404400,1353100,1289800,1238700,1219100,1222000,1160100,1148200,1192500,1218000,1361800,1459700
363,77508,45217,Saint Bernard,OH,Cincinnati,Hamilton County,9784,1235900,1166400,966900,927500,886800,884000,885300,890800,928000,1003000,1029300,1260900
364,77567,45304,Arcanum,OH,Greenville,Darke County,9785,1460300,1355200,1314200,1277800,1428200,1780000,1784500,1757500,1856600,1500200,1540700,1551300
365,76778,43619,Northwood,OH,Toledo,Wood County,9806,0,0,0,0,0,0,0,555000,1139000,1180400,1160500,1179900
366,76759,43571,Whitehouse,OH,Toledo,Lucas County,9816,2211400,2082000,1965700,1887300,1844100,1909300,1941900,2031600,2279500,2366400,2415500,2746100
367,77113,44287,West Salem,OH,Wooster,Wayne County,9870,1340500,1279700,1254000,1214300,1166600,1173800,1213500,1252800,1298800,1370000,1441000,1538200
368,76776,43617,Toledo,OH,Toledo,Lucas County,9873,2382400,2250300,2063500,2085800,2026400,2109200,2066000,2164800,2309600,2351700,2497700,2608600
369,76706,43502,Archbold,OH,Toledo,Fulton County,9888,1419900,1371600,1309800,1278400,1232000,1248700,1299100,1399900,1444000,1532700,1624400,1710000
370,77523,45232,Cincinnati,OH,Cincinnati,Hamilton County,9930,952300,889300,788600,721900,671700,657500,661200,675000,710100,728700,765200,899500
371,76563,43162,West Jefferson,OH,Columbus,Madison County,9965,1483200,1439300,1424200,1414000,1337900,1322500,1332000,1357600,1457900,1531000,1713800,1736600
372,76459,43011,Centerburg,OH,Mount Vernon,Knox County,9996,1581400,1594800,1518900,1521800,1423800,1371900,1432300,1583500,2047800,2224700,2410400,2584300
373,76696,43460,Rossford,OH,Toledo,Wood County,10065,1530100,1455800,1416000,1408600,1373400,1386700,1297400,1373100,1397400,1369900,1432500,1426400
374,77596,45335,Jamestown,OH,Dayton,Greene County,10088,1430500,1446300,1419900,1363800,1314800,1307900,1292500,1412700,1443800,1456600,1535700,1656000
375,77103,44273,Seville,OH,Cleveland-Elyria,Medina County,10093,1871600,1850200,1788500,1731100,1697400,1702200,1750700,1794500,1871500,1908500,2085100,2209700
376,76985,44081,Perry,OH,Cleveland-Elyria,Lake County,10190,2047700,2005600,1900100,1868900,1696900,1743900,1807200,1803900,1845700,1965700,2035400,2116100
377,77487,45171,Sardinia,OH,Cincinnati,Brown County,10252,1198800,1203500,1172100,1215400,1151600,1165400,1219500,1356300,1752200,1471600,1532900,1565300
378,76700,43465,Walbridge,OH,Toledo,Wood County,10259,1346200,1281400,1258900,1256800,1215800,1213500,1103200,1209300,1232200,1237300,1298900,1372900
379,77606,45345,New Lebanon,OH,Dayton,Montgomery County,10264,1098100,1038900,952700,960000,931100,864900,915500,876300,855800,889900,947600,1000800
380,77640,45387,Yellow Springs,OH,Dayton,Greene County,10300,2148300,1991500,1997900,1990000,1927200,1995400,2027500,2129000,2161800,2235100,2337300,2673000
381,77884,45879,Paulding,OH,,Paulding County,10301,0,0,0,129800,254400,248200,215600,244000,229700,235700,236300,318200
382,77063,44201,Atwater,OH,Akron,Portage County,10351,1627900,1602900,1589900,1549300,1507100,1495000,1513800,1557100,1613000,1778400,1836100,1941300
383,76636,43331,Lakeview,OH,Bellefontaine,Logan County,10370,805600,841100,808600,787900,762600,768100,828900,876600,857500,892400,953600,1035600
384,76470,43025,Hebron,OH,Columbus,Licking County,10385,1674200,1640900,1578100,1569000,1517800,1523900,1804700,2640300,2743800,2082900,1931400,2061700
385,76964,44050,Lagrange,OH,Cleveland-Elyria,Lorain County,10391,1832400,1748300,1643600,1580800,1476500,1530300,1661900,1602700,1644400,1696000,1785900,1913600
386,77235,44618,Dalton,OH,Wooster,Wayne County,10392,1593400,1531100,1475200,1440500,1402700,1453800,1517700,1563900,1671900,1752500,1842900,1936000
387,76866,43830,Nashport,OH,Zanesville,Muskingum County,10394,1639400,1565800,1506000,1505100,1462700,1465100,1475300,1555000,1664300,1706300,1755500,1892000
388,77317,44730,East Canton,OH,Canton-Massillon,Stark County,10425,1204100,1084200,940800,923200,902100,858600,934500,959200,1070900,1148900,1223500,1269700
389,77351,44842,Loudonville,OH,Ashland,Ashland County,10452,1102200,1055300,1055300,1039800,995500,996800,1009800,1047200,1080400,1146400,1211400,1323500
390,77768,45710,Albany,OH,Athens,Athens County,10460,1416100,1373400,1342000,1350800,1318400,1330700,1339200,1380300,1407400,1441800,1529400,1570600
391,77112,44286,Richfield,OH,Akron,Summit County,10493,2924000,2891600,2896100,2791900,2653600,2616500,2578000,2796600,2834400,3029300,3318500,3376800
392,77840,45828,Coldwater,OH,Celina,Mercer County,10530,1153400,1257400,1227100,1159100,1167300,1422700,1718500,1680800,1534800,1604600,1712900,1809400
393,77833,45817,Bluffton,OH,Lima,Allen County,10567,1451000,1421900,1376300,1384100,1336600,1327600,1374600,1430300,1515500,1599200,1698600,1796700
394,76546,43143,Mount Sterling,OH,Columbus,Madison County,10614,1228100,1187600,1172400,1163000,1075900,1054500,1086300,1090600,1171900,1238500,1435600,1512900
395,76724,43526,Hicksville,OH,Defiance,Defiance County,10615,0,0,0,525900,920900,938100,967300,935300,986300,1046400,1065100,1134900
396,77574,45311,Camden,OH,,Preble County,10624,0,0,0,782600,1454900,1271200,1026100,1026900,1046200,1019800,1050800,1237100
397,76944,44021,Burton,OH,Cleveland-Elyria,Geauga County,10638,1867100,1706000,1646100,1674800,1615100,1561700,1566400,1623000,1637400,1692600,1788400,1884600
398,77585,45323,Enon,OH,Springfield,Clark County,10708,1494700,1453100,1421000,1362000,1319600,1301000,1324400,1352400,1348400,1366000,1466400,1576400
399,77224,44606,Apple Creek,OH,Wooster,Wayne County,10759,1422900,1314900,1332900,1324700,1361500,1426700,1496300,1554800,1664000,1807500,1894000,1985800
400,77102,44272,Rootstown,OH,Akron,Portage County,10765,1619400,1588500,1564400,1531200,1508500,1516600,1527200,1543300,1612000,1755500,1858800,1942900
401,76807,43723,Byesville,OH,Cambridge,Guernsey County,10808,868300,833000,829500,804300,796900,784500,814500,865200,879700,884700,924300,971900
402,77841,45830,Columbus Grove,OH,,Putnam County,10855,1231200,1271200,1315700,1253200,1305100,1346100,1408700,1346800,1419700,1469900,1489500,1623600
403,77635,45381,West Alexandria,OH,,Preble County,10866,0,0,0,918300,1698600,1483700,1193500,1190700,1220100,1224000,1271200,1427300
404,76648,43344,Richwood,OH,Columbus,Union County,10906,1083700,1063700,1047200,1066000,1023600,1030000,1071400,1008900,1062400,1178300,1286400,1461300
405,77580,45318,Covington,OH,Dayton,Miami County,10928,1268200,1228600,1153200,1112700,1104000,1111500,1128800,1143700,1154100,1187500,1275300,1411400
406,77097,44262,Munroe Falls,OH,Akron,Summit County,10954,1821600,1767000,1719300,1701600,1649500,1572500,1593400,1667300,1737200,1782400,1862300,1972700
407,77092,44254,Lodi,OH,Cleveland-Elyria,Medina County,11019,1536500,1479100,1369800,1367100,1218800,1273200,1268500,1296700,1446800,1451400,1566400,1675200
408,77711,45628,Frankfort,OH,Chillicothe,Ross County,11021,1116600,1077900,1061300,1057600,1043700,1037500,1014300,1027100,1112200,1168500,1187900,1327400
409,77108,44280,Valley City,OH,Cleveland-Elyria,Medina County,11054,2303100,2355800,2422300,2303200,2234700,2321700,2367600,2418900,2550900,2643500,2785900,3091700
410,76937,44003,Andover,OH,Ashtabula,Ashtabula County,11113,939700,912400,883700,885600,830000,829400,861100,872200,850700,873100,924900,1004200
411,76813,43731,Crooksville,OH,Columbus,Perry County,11152,769000,706500,692200,680800,670900,660000,663800,645200,653100,697400,715000,748700
412,77599,45338,Lewisburg,OH,,Preble County,11153,0,0,0,947700,1773600,1546800,1251700,1259800,1295800,1286500,1337000,1503900
413,77699,45612,Bainbridge,OH,Chillicothe,Ross County,11154,933300,909900,887800,872900,900600,852300,831300,869700,906000,930500,944900,1006500
414,77634,45380,Versailles,OH,Greenville,Darke County,11187,0,0,0,0,0,974900,2003100,2056800,2201300,1816100,1967700,1969700
415,77258,44644,Malvern,OH,Canton-Massillon,Carroll County,11196,1434500,1429100,1446100,1497400,1430000,1419500,1463000,1567500,1557800,1562500,1691900,1792700
416,77783,45732,Glouster,OH,Athens,Athens County,11212,733300,690100,643700,609100,597000,559300,541000,527900,529300,524300,529000,573200
417,77871,45865,Minster,OH,Wapakoneta,Auglaize County,11279,0,925900,1857700,1774200,1732500,1679900,1752000,1809500,1893100,1975900,2105300,2252800
418,76874,43845,West Lafayette,OH,Coshocton,Coshocton County,11290,877700,869900,871000,878900,877300,850700,906800,932200,1008500,1038700,1084800,1130100
419,77577,45315,Clayton,OH,Dayton,Montgomery County,11337,1844900,1781200,1628800,1592900,1543000,1541400,1535500,1560100,1578800,1658100,1770000,1875500
420,77238,44621,Dennison,OH,New Philadelphia-Dover,Tuscarawas County,11359,752800,759400,763100,750600,733700,768200,793800,785300,783000,828400,844800,908500
421,77543,45252,Harrison,OH,Cincinnati,Hamilton County,11371,2800700,2643000,2468200,2390500,2411300,2349000,2332800,2347900,2514400,2608900,2739800,2874300
422,77625,45368,South Charleston,OH,Springfield,Clark County,11372,1359000,1293000,1276500,1234500,1200200,1184400,1219800,1262000,1276000,1381400,1527300,1570700
423,77486,45169,Sabina,OH,Wilmington,Clinton County,11405,1423300,1385900,1312100,1107300,1032300,1006000,1047000,1048500,1143400,1199000,1232000,1291500
424,76657,43357,West Liberty,OH,Bellefontaine,Logan County,11432,1429600,1486000,1428800,1418800,1390700,1394600,1460200,1516700,1536700,1601600,1708800,1763700
425,76836,43762,New Concord,OH,Zanesville,Muskingum County,11482,1340800,1303400,1311200,1337900,1310400,1315000,1327200,1342100,1439400,1515100,1568600,1698200
426,77283,44676,Shreve,OH,Wooster,Wayne County,11501,1181000,1167900,1143800,1100600,1091600,1106200,1148000,1193000,1228300,1363300,1395600,1389800
427,76982,44076,Orwell,OH,Ashtabula,Ashtabula County,11505,1260800,1231500,1180900,1205700,1128500,1148900,1201900,1159100,1104500,1103300,1183200,1301200
428,76979,44072,Novelty,OH,Cleveland-Elyria,Geauga County,11507,3210000,2938400,2832500,2870900,2744900,2665600,2670700,2732700,2724400,2806600,2918700,3046400
429,76672,43430,Genoa,OH,Port Clinton,Ottawa County,11550,1389300,1299400,1263100,1269000,1224100,1230500,1236000,1219800,1230000,1272300,1333200,1408300
430,76863,43822,Frazeysburg,OH,Zanesville,Muskingum County,11580,1152900,1077400,1008500,1018900,982900,975300,1047200,1180200,1244800,1326200,1488300,1549600
431,77176,44440,Mineral Ridge,OH,Youngstown-Warren-Boardman,Trumbull County,11587,1160400,1085600,1020900,1045200,1014800,1055800,1090200,1183800,1178100,1225500,1255300,1331800
432,77863,45856,Leipsic,OH,,Putnam County,11590,951400,1000800,997900,948900,976200,1013300,1021400,1002300,1094400,1171500,1241700,1331900
433,76528,43112,Carroll,OH,Columbus,Fairfield County,11591,2100400,1850600,1788900,1769400,1752900,1801800,1938000,1983800,2116300,2223400,2412100,2574400
434,76540,43135,Laurelville,OH,Columbus,Hocking County,11592,1111400,1074000,1071400,1027100,1037400,1007700,1025100,1009400,1087400,1142500,1177900,1372300
435,76849,43783,Somerset,OH,Columbus,Perry County,11594,1349500,1250700,1227700,1173600,1140400,1220400,1275700,1275100,1291600,1443600,1599300,1757400
436,77170,44431,Leetonia,OH,Salem,Columbiana County,11621,997100,976600,978100,945400,868800,886800,879900,922900,968400,979400,1037400,1088500
437,77461,45135,Leesburg,OH,,Highland County,11648,1351600,1279300,1204100,1158800,1144600,1147300,1180900,1251800,1298400,1332400,1385500,1453100
438,77193,44473,Vienna Center,OH,Youngstown-Warren-Boardman,Trumbull County,11655,1168600,1131600,1083200,1041000,1005300,1002800,1069800,1048900,1045800,1203800,1230100,1340500
439,77892,45887,Spencerville,OH,Lima,Allen County,11664,1047900,1026300,997400,991600,938000,926800,949500,969700,1006100,1045200,1103200,1141300
440,77148,44403,Brookfield Center,OH,Youngstown-Warren-Boardman,Trumbull County,11684,1245100,1198800,1126900,1079400,1007600,1053700,1133300,1167000,1190200,1236000,1287800,1442900
441,76862,43821,Dresden,OH,Zanesville,Muskingum County,11686,1189300,1161300,1117800,1104000,1055800,1046800,1027500,1024200,1021900,1069400,1182500,1297100
442,76673,43431,Gibsonburg,OH,Fremont,Sandusky County,11690,900600,944900,1131300,1120900,1054400,1016800,1068600,1118900,1150300,1181100,1222700,1315900
443,76844,43777,Roseville,OH,Zanesville,Muskingum County,11705,731800,704400,703500,701100,664100,652900,652200,666900,669300,697000,752500,851400
444,77571,45308,Bradford,OH,Greenville,Darke County,11707,1106200,1031500,993500,966400,1072600,1273700,1267300,1263100,1325200,1075900,1171700,1166400
445,77178,44442,New Middletown,OH,Youngstown-Warren-Boardman,Mahoning County,11714,1400600,1354600,1320200,1330300,1272200,1199200,1237400,1307900,1366100,1435100,1662100,1742100
446,77509,45218,Greenhills,OH,Cincinnati,Hamilton County,11715,1439400,1356200,1255100,1202700,1160000,1140900,1132100,1128600,1144900,1203100,1370200,1493700
447,77173,44437,Mc Donald,OH,Youngstown-Warren-Boardman,Trumbull County,11774,964200,923100,869700,866100,839800,795400,784200,788900,779100,797900,837500,934600
448,77464,45142,Lynchburg,OH,,Highland County,11851,1310300,1227100,1152600,1097700,1071000,1078800,1112600,1156400,1185400,1191900,1244100,1344400
449,76975,44065,Newbury,OH,Cleveland-Elyria,Geauga County,11867,2340700,2153000,2071800,2101200,2006500,1952600,1965300,2000900,2019000,2112000,2220300,2268700
450,77875,45869,New Bremen,OH,Wapakoneta,Auglaize County,11876,1813500,1633700,1614100,1542000,1512700,1480800,1549500,1597600,1659900,1737300,1848400,1954600
451,77602,45341,Medway,OH,Springfield,Clark County,11931,1158300,1096200,1058600,1005700,961600,943700,950300,953600,952800,947300,1062600,1179900
452,76520,43102,Amanda,OH,Columbus,Fairfield County,11974,1504000,1271100,1240800,1229500,1212200,1242800,1379400,1322900,1431600,1537900,1613500,1822900
453,77722,45644,Kingston,OH,Chillicothe,Ross County,11987,1320500,1314900,1324300,1323800,1347000,1343300,1349700,1360400,1452800,1545400,1606500,1727300
454,77878,45872,North Baltimore,OH,Toledo,Wood County,11991,0,0,0,0,0,0,0,424600,846500,817900,935700,977300
455,77072,44217,Creston,OH,Wooster,Wayne County,12034,1398900,1343000,1357000,1319400,1301700,1330700,1359200,1389600,1459300,1532600,1577300,1662600
456,76667,43412,Curtice,OH,Toledo,Lucas County,12040,1360600,1377300,1236600,1209600,1212000,1343400,1417000,1339500,1257800,1371800,1427000,1627100
457,77421,45052,North Bend,OH,Cincinnati,Hamilton County,12051,2472900,2324700,2136100,2044700,2033900,2095100,2081700,2078600,2234200,2227800,2445300,2587500
458,76495,43061,Ostrander,OH,Columbus,Delaware County,12082,2220600,2235400,2182100,2203500,2082600,1962600,2027000,2168500,2375700,2646700,2828700,3166100
459,77338,44824,Castalia,OH,Sandusky,Erie County,12110,1574300,1515400,1450800,1391400,1354300,1368500,1385000,1429800,1429200,1453500,1517900,1603000
460,77451,45118,Fayetteville,OH,Cincinnati,Brown County,12113,1472100,1435300,1345900,1357600,1247900,1254400,1302800,1402500,1781500,1517700,1595200,1663100
461,77730,45653,Minford,OH,Portsmouth,Scioto County,12124,891700,878800,895200,1048600,923100,966800,1098900,1085900,1067400,1098300,1179800,1246000
462,76987,44084,Roaming Shores,OH,Ashtabula,Ashtabula County,12197,1527300,1492400,1447300,1495300,1426000,1430400,1469500,1492500,1469400,1514400,1586700,1711800
463,77448,45113,Clarksville,OH,Wilmington,Clinton County,12216,2608700,2525000,2337100,2028300,1872600,1847400,1828000,1773200,1959500,2182300,2391400,2693800
464,77484,45167,Ripley,OH,Cincinnati,Brown County,12245,910600,891600,811400,807800,733400,763200,789700,820600,1029600,827600,780700,841400
465,77565,45302,Anna,OH,Sidney,Shelby County,12256,1574300,1567100,1507800,1521600,1465400,1517100,1618900,1663500,1744400,1833200,1943900,2067500
466,77811,45780,The Plains,OH,Athens,Athens County,12283,1639500,1610900,1557400,1495100,1463000,1450400,1453400,1504400,1515700,1555600,1635400,1673200
467,76632,43324,Huntsville,OH,Bellefontaine,Logan County,12289,1837500,1908500,1854200,1832100,1804400,1795200,1907100,2050000,2052300,2157200,2294700,2383700
468,77227,44609,Beloit,OH,Salem,Columbiana County,12341,1133700,1049000,967500,935400,940800,959800,937800,989500,1059200,1088500,1153500,1301100
469,77779,45723,Coolville,OH,Athens,Athens County,12384,1124000,1105600,1100300,1095900,1075700,1055800,1025300,1066100,1112700,1115700,1198100,1225900
470,77855,45846,Fort Recovery,OH,Celina,Mercer County,12385,1366900,1430300,1527900,1457800,1473200,1717200,2045600,2084900,1900700,1906300,2041500,2127600
471,76486,43046,Millersport,OH,Columbus,Fairfield County,12404,1892600,1723700,1652700,1630400,1608100,1574300,1601800,1708100,1713900,1800200,2007100,2261900
472,76883,43910,Bloomingdale,OH,Weirton-Steubenville,Jefferson County,12416,1133800,1090900,1072600,1101000,1080800,1079900,1089000,1285700,1132600,1179400,1226800,1292600
473,77191,44470,Southington,OH,Youngstown-Warren-Boardman,Trumbull County,12455,1121600,1080800,1054900,1092800,1084000,1054200,1076600,1139800,1136700,1177600,1295800,1504100
474,77858,45850,Harrod,OH,Lima,Allen County,12480,1251200,1223600,1216000,1210300,1152100,1148000,1172600,1185400,1219300,1305800,1372300,1390800
475,76738,43542,Monclova,OH,Toledo,Lucas County,12494,2738200,2727100,2554300,2506500,2405900,2449500,2539500,2721700,2828100,2941400,3097100,3309100
476,77114,44288,Windham,OH,Akron,Portage County,12495,1199700,1135100,1110700,1080000,1043600,1027200,972900,850400,929600,930900,988900,1015100
477,77453,45120,Felicity,OH,Cincinnati,Clermont County,12518,1108500,1087100,933400,931300,896100,798000,839500,896000,1036500,1082000,1133500,1243100
478,77478,45159,New Vienna,OH,Wilmington,Clinton County,12525,1543600,1530600,1439000,1192700,1148300,1089600,1134300,1137200,1194300,1319300,1437700,1557200
479,76715,43517,Edgerton,OH,,Williams County,12532,1067200,1002800,949600,942300,909500,917400,958100,959100,991700,1043900,1114600,1167800
480,76626,43318,De Graff,OH,Bellefontaine,Logan County,12534,1090300,1111300,1059200,1030300,994500,1016900,1050300,1063600,1079100,1102100,1151800,1156700
481,77081,44234,Hiram,OH,Akron,Portage County,12572,2046000,1892900,1863500,1882300,1848400,1833200,1902600,1912500,2026600,2100700,2127500,2258300
482,76688,43447,Millbury,OH,Toledo,Wood County,12584,1334500,1286300,1318300,1343900,1340600,1374100,1333700,1413300,1460100,1487000,1438800,1554100
483,76720,43522,Grand Rapids,OH,Toledo,Wood County,12592,1512300,1420900,1420800,1395300,1390100,1415200,1337000,1441700,1562200,1711900,1754300,1794600
484,76620,43310,Belle Center,OH,Bellefontaine,Logan County,12593,1166500,1203000,1166200,1122900,1097400,1125700,1183700,1219000,1328400,1399200,1454700,1532100
485,77626,45369,South Vienna,OH,Springfield,Clark County,12610,1592500,1518500,1490500,1435300,1379400,1359500,1404200,1446900,1523600,1582300,1765600,1941800
486,76690,43450,Pemberville,OH,Toledo,Wood County,12637,0,0,0,0,0,0,0,736100,1481300,1495900,1584500,1633900
487,76956,44040,Gates Mills,OH,Cleveland-Elyria,Cuyahoga County,12641,5515300,4996100,4798700,4848800,4877700,4906700,4977300,5134500,5114100,5267900,5359200,5656800
488,77168,44429,Craig Beach,OH,Youngstown-Warren-Boardman,Mahoning County,12646,1091600,1046500,995100,913900,915200,902400,942300,982200,940800,993500,1182700,1370900
489,77457,45130,Hamersville,OH,Cincinnati,Brown County,12672,1352200,1288300,1198600,1199700,1127900,1112800,1130800,1303100,1695200,1426700,1426400,1452000
490,76864,43824,Fresno,OH,Coshocton,Coshocton County,12696,1103500,1142100,1179600,1175100,1200000,1163600,1194600,1193900,1282600,1341100,1388100,1463200
491,76802,43718,Belmont,OH,Wheeling,Belmont County,12722,871100,903800,933800,903000,943500,1030300,1124800,1154500,1206300,1216900,1265100,1324000
492,77370,44864,Perrysville,OH,Ashland,Ashland County,12736,1233800,1151100,1137000,1046500,1024100,994500,997900,1058100,1146000,1238800,1381100,1506900
493,77576,45314,Cedarville,OH,Dayton,Greene County,12785,1669700,1697700,1600000,1566700,1478100,1505500,1599100,1687100,1719500,1737600,1791100,2170100
494,77098,44264,Peninsula,OH,Akron,Summit County,12794,1914500,2163000,2365700,2300400,2080700,2153000,2275000,2322300,2471600,2631000,2760200,3088900
495,77814,45784,Vincent,OH,Marietta,Washington County,12810,0,0,0,0,0,0,882200,1672600,1820900,1843300,1858900,2018800
496,77181,44445,New Waterford,OH,Salem,Columbiana County,12820,1177200,1144200,1133500,1101400,1022000,1078000,1183400,1273200,1342700,1397400,1476100,1472800
497,77257,44643,Magnolia,OH,Canton-Massillon,Stark County,12821,1277400,1189800,1142900,1136300,1109700,1170500,1194000,1245900,1326000,1318300,1412000,1554400
498,77355,44846,Milan,OH,Sandusky,Erie County,12822,1707500,1636000,1581400,1530400,1499400,1503300,1532200,1585200,1564900,1589100,1668600,1734100
499,77888,45883,Saint Henry,OH,Celina,Mercer County,12823,1073400,1370100,1510400,1505100,1515200,1771600,2057900,2014000,1887800,2012900,2170400,2336800
500,77242,44626,East Sparta,OH,Canton-Massillon,Stark County,12834,1197900,1149500,1034300,982400,930900,883500,947400,1001200,1033800,1085800,1175000,1339300
501,77712,45629,Franklin Furnace,OH,Portsmouth,Scioto County,12874,833600,820900,854200,970800,867700,892800,1007800,1001300,963700,959700,1014900,1068700
502,77147,44402,Bristolville,OH,Youngstown-Warren-Boardman,Trumbull County,12907,1031800,971600,965800,975200,950800,1015300,977600,1064800,1042700,1144800,1346200,1405100
503,77371,44865,Plymouth,OH,Mansfield,Richland County,12908,969600,895900,855000,846200,809300,809300,819600,852000,878500,891800,927300,1001100
504,77643,45390,Union City,OH,Greenville,Darke County,12911,0,0,0,0,0,555700,1106000,1097300,1128800,871200,861400,851300
505,77091,44253,Litchfield,OH,Cleveland-Elyria,Medina County,12917,2031300,2005100,1977600,1895700,1776600,1762500,1919200,1985900,2008500,2076600,2290500,2603300
506,77729,45652,McDermott,OH,Portsmouth,Scioto County,12927,836900,816000,824700,955400,832600,873500,981200,977500,985500,1028900,1119700,1178600
507,77167,44428,Kinsman,OH,Youngstown-Warren-Boardman,Trumbull County,12974,851700,837600,839100,843300,778300,816500,892000,874500,1015400,980500,985900,1175400
508,76758,43570,West Unity,OH,,Williams County,12987,1098200,1042600,969700,968800,942800,947300,983300,987700,1006200,1018700,1071300,1124400
509,76988,44085,Roaming Shores,OH,Ashtabula,Ashtabula County,12993,1390900,1341400,1292100,1338200,1273900,1275300,1319300,1324600,1306800,1323000,1368500,1491300
510,76704,43469,Woodville,OH,Fremont,Sandusky County,13011,1117400,1167000,1391200,1391700,1338000,1290200,1295700,1350900,1345200,1410000,1489000,1596600
511,77789,45742,Little Hocking,OH,Marietta,Washington County,13020,0,0,0,0,0,0,624300,1230700,1382800,1411400,1432400,1601300
512,77105,44275,Spencer,OH,Cleveland-Elyria,Medina County,13028,1591700,1609900,1624000,1527600,1482400,1527500,1506900,1658500,1716700,1728400,1781300,1955500
513,77185,44451,North Jackson,OH,Youngstown-Warren-Boardman,Mahoning County,13038,1481700,1461400,1425300,1356400,1384000,1392600,1429300,1448700,1442600,1510600,1657500,1853500
514,76524,43107,Bremen,OH,Columbus,Fairfield County,13070,1256500,1183200,1129000,1125400,1122900,1077900,998000,1072000,1115400,1092800,1242900,1495500
515,76652,43348,Russells Point,OH,Bellefontaine,Logan County,13080,698900,726200,702800,682500,658100,653300,691900,738200,723900,738500,772900,848400
516,77337,44822,Butler,OH,Mansfield,Richland County,13084,1068100,1004400,961400,921600,889200,858500,866800,959100,1115300,1219900,1378700,1620400
517,77422,45053,Okeana,OH,Cincinnati,Butler County,13087,2817000,2494800,2252800,2299200,2173900,2183900,2254000,2344000,2444700,2545400,2683200,2955300
518,77203,44491,West Farmington,OH,Youngstown-Warren-Boardman,Trumbull County,13092,0,0,0,0,0,0,0,614200,1253500,1356600,1464400,1658300
519,77293,44688,Waynesburg,OH,Canton-Massillon,Stark County,13101,1051900,995600,900300,910300,855600,820800,848400,850700,942900,1033900,1039000,1168300
520,77186,44452,North Lima,OH,Youngstown-Warren-Boardman,Mahoning County,13113,1568100,1480600,1382700,1395500,1392300,1347400,1388900,1433700,1515800,1481100,1682300,1714700
521,77854,45845,Fort Loramie,OH,Sidney,Shelby County,13138,1631300,1643400,1560900,1564600,1533000,1586600,1707200,1775400,1866000,1976700,2083900,2116000
522,76670,43416,Elmore,OH,Port Clinton,Ottawa County,13166,1437800,1359000,1326300,1349200,1310200,1310300,1326100,1344400,1385500,1387400,1416200,1478600
523,77842,45831,Continental,OH,,Putnam County,13188,880800,894800,890900,869100,903700,934000,956700,906000,987100,1019600,1049700,1146100
524,77853,45844,Fort Jennings,OH,,Putnam County,13218,1270800,1376500,1392000,1313400,1378800,1449800,1466600,1436600,1576800,1678600,1741100,1892100
525,76557,43154,Stoutsville,OH,Columbus,Fairfield County,13227,1478200,1308500,1269600,1303000,1302800,1270100,1361100,1387400,1395600,1506200,1622800,1869500
526,77887,45882,Rockford,OH,Celina,Mercer County,13277,942400,972900,947500,912300,900900,1046300,1257800,1234600,1120200,1127100,1192300,1272300
527,76719,43521,Fayette,OH,Toledo,Fulton County,13317,916200,871700,843300,825900,775300,761100,773400,814000,837400,893400,950300,1014200
528,77268,44656,Mineral City,OH,New Philadelphia-Dover,Tuscarawas County,13332,1091400,1064800,1045100,1011200,995300,1047400,1061200,1072400,1110800,1133100,1199100,1315900
529,77864,45858,McComb,OH,Findlay,Hancock County,13333,1202900,1186200,1148300,1128800,1076400,1073500,1095800,1119400,1187500,1246200,1296700,1380200
530,77276,44666,North Lawrence,OH,Canton-Massillon,Stark County,13358,1509900,1453700,1366700,1328700,1317500,1288200,1334200,1440600,1477800,1588000,1734100,1801100
531,77146,44401,Berlin Center,OH,Youngstown-Warren-Boardman,Mahoning County,13380,1683400,1571800,1469400,1439200,1495100,1467400,1603000,1631900,1605700,1705700,1825300,2040400
532,76847,43780,Senecaville,OH,Cambridge,Guernsey County,13392,1134600,1099200,1086100,1086500,1121600,1198500,1209900,1280600,1298200,1306100,1328000,1555000
533,77349,44840,Jeromesville,OH,Ashland,Ashland County,13418,1461600,1431900,1430000,1381300,1301200,1279300,1289100,1325900,1397400,1482600,1594100,1666800
534,77284,44677,Smithville,OH,Wooster,Wayne County,13444,1493400,1458700,1453200,1389800,1356300,1385100,1437700,1443800,1480600,1530800,1594100,1694400
535,77773,45715,Beverly,OH,Marietta,Washington County,13454,1004700,1020800,975300,998500,997800,1009500,1039900,1041700,1150600,1198800,1221900,1346000
536,76908,43944,Richmond,OH,Weirton-Steubenville,Jefferson County,13473,1018500,982700,965400,972700,953200,950600,954100,1128400,962500,984700,1025700,1114400
537,77429,45064,Somerville,OH,Cincinnati,Butler County,13474,1632900,1626600,1542300,1682100,1642000,1681700,1481000,1342100,1401300,1452500,1501700,1649500
538,77163,44423,Hanoverton,OH,Salem,Columbiana County,13492,1014200,986500,970900,925700,857700,905500,944000,985900,1035500,1003600,1021400,1157200
539,77331,44814,Berlin Heights,OH,Sandusky,Erie County,13531,1561200,1500500,1436000,1388600,1350500,1380100,1409900,1424100,1361700,1370800,1445600,1528800
540,76757,43569,Weston,OH,Toledo,Wood County,13536,0,0,0,0,0,0,0,1018400,1011300,1051400,1119300,1155600
541,76751,43557,Stryker,OH,,Williams County,13562,1096600,1028800,948600,938900,911100,908400,931500,943300,980200,1022800,1066100,1126000
542,77843,45832,Convoy,OH,Van Wert,Van Wert County,13564,1122200,1052800,977700,1028900,996300,972100,1007900,970900,1033200,1136800,1155200,1290200
543,76748,43554,Pioneer,OH,,Williams County,13568,1035600,1008000,932900,917300,886200,888700,902600,903800,897200,922200,971300,1059500
544,76906,43942,Powhatan Point,OH,Wheeling,Belmont County,13585,840600,803800,768400,754400,732200,709700,783800,804500,815500,865000,913100,983600
545,77155,44412,Diamond,OH,Akron,Portage County,13615,1674900,1679600,1622500,1517800,1482300,1475700,1496400,1478400,1473300,1574800,1674500,1810000
546,77226,44608,Beach City,OH,Canton-Massillon,Stark County,13628,1020000,1076300,987400,1001200,930700,963800,1027400,1055000,1160800,1165200,1233800,1376100
547,76716,43518,Edon,OH,,Williams County,13640,987100,939800,884500,893300,855600,855900,912500,904500,921000,974500,1017400,1089900
548,76825,43749,Kimbolton,OH,Cambridge,Guernsey County,13652,779800,776100,798400,776600,799300,804700,850100,929900,958700,944500,963600,1042100
549,77352,44843,Lucas,OH,Mansfield,Richland County,13660,1288500,1177000,1119600,1051100,1042100,1045100,1095700,1172800,1261800,1336000,1401800,1538700
550,77378,44878,Shiloh,OH,Mansfield,Richland County,13678,1017500,952600,925800,897900,928500,946800,962700,993600,1061800,1084100,1042200,1297800
551,76552,43149,Rockbridge,OH,Columbus,Hocking County,13688,1567800,1531600,1568900,1527100,1506600,1422100,1471900,1452200,1500300,1515700,1562000,1765300
552,77379,44880,Sullivan,OH,Ashland,Ashland County,13710,1665100,1636100,1591100,1519300,1415400,1411400,1426000,1427400,1490700,1532600,1641100,1759600
553,76542,43137,Lockbourne,OH,Columbus,Franklin County,13739,1748100,1611800,1541300,1553400,1457500,1508500,1503900,1564300,1680600,1789000,1975200,2175700
554,77830,45814,Arlington,OH,Findlay,Hancock County,13747,1243000,1227700,1195300,1170000,1127100,1147200,1203700,1251600,1266000,1318200,1458100,1612600
555,76558,43155,Sugar Grove,OH,Columbus,Fairfield County,13753,1347600,1307900,1278100,1261600,1267600,1245200,1250500,1289900,1364500,1502900,1730000,1788900
556,77335,44818,Bloomville,OH,Tiffin,Seneca County,13787,971100,905100,886000,926800,860200,841100,899700,903200,943800,963700,1027200,1059700
557,77627,45370,Spring Valley,OH,Dayton,Greene County,13799,2536400,2387800,2427100,2334800,2147900,2211600,2344400,2421900,2448600,2575200,2809000,3123400
558,77480,45162,Goshen,OH,Cincinnati,Clermont County,13810,1537100,1548300,1466000,1435000,1357500,1436600,1499900,1554100,1481300,1555800,1784900,1959700
559,76803,43719,Bethesda,OH,Wheeling,Belmont County,13815,804200,825400,800800,711700,761000,787000,874000,912500,933000,939500,977300,1036500
560,76962,44048,Kingsville,OH,Ashtabula,Ashtabula County,13826,1131900,1102100,1062600,1080400,1044600,1057100,1134800,1142400,1125400,1156200,1207800,1271300
561,77345,44836,Green Springs,OH,Tiffin,Seneca County,13843,1079100,1015100,982300,999000,916000,898500,928300,938300,978500,1001700,1065600,1186800
562,77587,45325,Farmersville,OH,Dayton,Montgomery County,13844,1615500,1616000,1483900,1435000,1281700,1329600,1363400,1406900,1426200,1498400,1649200,1765800
563,77154,44411,Deerfield,OH,Akron,Portage County,13870,0,0,0,0,0,0,0,1242700,1295400,1363800,1439800,1534200
564,77070,44215,Chippewa Lake,OH,Cleveland-Elyria,Medina County,13899,1243200,1203400,1165300,1123400,994100,906500,1017700,1013800,1038300,1096500,1265700,1431300
565,76538,43128,Jeffersonville,OH,Washington Court House,Fayette County,13925,1079600,1048700,1010700,952700,884200,857400,867800,905200,888600,930400,964900,1006800
566,76658,43358,West Mansfield,OH,Bellefontaine,Logan County,13965,1013600,1052900,1028900,1011400,964200,968500,997000,981600,1066500,1158800,1191200,1362300
567,77259,44645,Marshallville,OH,Wooster,Wayne County,13975,1458000,1343000,1341600,1298400,1298500,1364400,1418500,1463200,1544600,1631700,1695800,1733200
568,77327,44807,Attica,OH,Tiffin,Seneca County,14019,1044500,981200,947300,962500,867200,839700,873400,874700,917600,929700,960100,1005000
569,76503,43071,Saint Louisville,OH,Columbus,Licking County,14028,1361700,1324500,1243400,1272600,1284100,1278500,1603700,2297000,2266800,1876200,1804500,1782600
570,77879,45873,Oakwood,OH,,Paulding County,14056,0,0,0,111400,251700,263600,228200,253000,228700,231900,224500,304200
571,77282,44675,Sherrodsville,OH,Canton-Massillon,Carroll County,14103,966100,995500,990200,1026500,993800,1013500,1079000,1187800,1190000,1180200,1270800,1368900
572,76989,44086,Thompson,OH,Cleveland-Elyria,Geauga County,14124,1920100,1762200,1695800,1733900,1661100,1626500,1646300,1703300,1725500,1781000,1878700,1957600
573,76551,43148,Pleasantville,OH,Columbus,Fairfield County,14156,1415000,1201700,1152100,1149800,1149000,1144600,1279400,1276900,1293500,1296000,1618800,1776800
574,76929,43977,Flushing,OH,Wheeling,Belmont County,14163,602000,559900,555700,547700,557100,605400,657600,678100,704800,721800,745600,822500
575,77569,45306,Botkins,OH,Sidney,Shelby County,14190,1288100,1268100,1187600,1199500,1178200,1204000,1274200,1323400,1366800,1424300,1538600,1635100
576,77423,45054,Oregonia,OH,Cincinnati,Warren County,14259,2235700,2134800,2006900,1952400,1935300,1923300,1926800,1987000,2167100,2234500,2472900,2749300
577,77373,44867,Republic,OH,Tiffin,Seneca County,14309,1112400,1033200,984800,1021100,941400,908100,958700,987800,1026400,1051800,1091100,1200600
578,76565,43164,Williamsport,OH,Columbus,Pickaway County,14325,1069900,1046600,993800,978400,934700,937500,979200,1019400,1044600,1098200,1159400,1309900
579,77595,45334,Jackson Center,OH,Sidney,Shelby County,14353,1151300,1117300,1028400,1010200,974700,980700,1034900,1071600,1112900,1135900,1220800,1331800
580,76553,43150,Rushville,OH,Columbus,Fairfield County,14365,0,0,0,0,0,0,1640300,1469400,1509700,1406400,1676800,1931200
581,77883,45877,Pandora,OH,,Putnam County,14381,1175800,1229200,1242400,1193100,1226800,1282100,1281700,1244200,1317600,1386900,1416800,1423400
582,77489,45174,Terrace Park,OH,Cincinnati,Hamilton County,14407,4994100,4764800,4327300,4277200,4151500,4290700,4444800,4540900,4877400,5219000,5590700,5513600
583,76701,43466,Wayne,OH,Toledo,Wood County,14410,0,0,0,0,0,0,0,475900,919800,876500,914700,1001900
584,77880,45874,Ohio City,OH,Van Wert,Van Wert County,14411,926400,884600,846400,910400,899500,864400,876400,831900,864900,952100,975000,1132400
585,77839,45827,Cloverdale,OH,,Putnam County,14454,1076600,1152500,1152900,1079400,1120100,1144600,1088100,1081700,1199300,1447200,1541300,1658900
586,76820,43739,Glenford,OH,Columbus,Perry County,14476,1500500,1371400,1356600,1355200,1335400,1340300,1547700,1882500,2014100,1971700,1856400,2051400
587,77250,44634,Homeworth,OH,Salem,Columbiana County,14529,1351100,1341100,1265000,1228500,1131800,1224400,1259600,1302300,1367000,1384700,1461900,1566200
588,76548,43145,New Holland,OH,Columbus,Pickaway County,14566,1009900,988100,972500,959400,901700,862200,883000,908300,920500,978100,1032900,1142700
589,77231,44613,Brewster,OH,Canton-Massillon,Stark County,14567,1084000,1025100,873400,810800,888800,830800,848000,905500,919700,1019500,988800,1180400
590,77069,44214,Burbank,OH,Wooster,Wayne County,14572,1536200,1442700,1413200,1378900,1334600,1382200,1441900,1463000,1573500,1712300,1775800,1890200
591,76531,43116,Commercial Point,OH,Columbus,Pickaway County,14591,2121800,2074600,1977100,1950300,1878000,1926600,2022000,2103500,2244700,2388900,2606600,2794800
592,77179,44443,New Springfield,OH,Youngstown-Warren-Boardman,Mahoning County,14592,1421500,1292400,1232100,1241200,1261200,1195000,1234200,1275900,1369300,1417300,1589500,1624500
593,76841,43771,Philo,OH,Zanesville,Muskingum County,14595,911800,880100,858200,856500,843400,838100,826600,809800,873700,912500,922400,953500
594,77372,44866,Polk,OH,Ashland,Ashland County,14601,1353400,1332400,1315200,1305700,1238600,1239000,1257000,1290900,1363700,1414400,1473100,1568500
595,77866,45860,Saint Henry,OH,Celina,Mercer County,14655,0,0,0,647800,1414600,1708900,2223900,2303700,2212400,2263000,2408600,2539400
596,77177,44441,Negley,OH,Salem,Columbiana County,14676,1045800,1009600,1016600,1016000,954700,1006200,1118400,1229200,1278100,1326000,1395600,1400500
597,77618,45359,Pleasant Hill,OH,Dayton,Miami County,14677,1410100,1360700,1292900,1246800,1213900,1204800,1201900,1208500,1223800,1241300,1397300,1572900
598,76960,44046,Huntsburg,OH,Cleveland-Elyria,Geauga County,14724,1872200,1715700,1689000,1744600,1679300,1629400,1696500,1816800,1886600,1952700,2039300,2073200
599,77900,45896,Waynesfield,OH,Wapakoneta,Auglaize County,14725,1126600,981700,951000,888700,859600,834600,864500,894200,908400,935200,977600,1011400
600,76485,43045,Milford Center,OH,Columbus,Union County,14754,1207800,1186200,1228900,1301700,1278900,1354400,1427100,1507100,1609500,1685300,1795900,1962700
601,76685,43443,Luckey,OH,Toledo,Wood County,14755,0,0,0,0,0,0,0,664700,1315000,1320700,1396000,1502200
602,77106,44276,Sterling,OH,Wooster,Wayne County,14812,1559400,1506600,1504800,1438800,1424900,1461400,1491800,1527100,1606700,1681500,1777300,1866000
603,77877,45871,New Knoxville,OH,Wapakoneta,Auglaize County,14813,1396200,1274900,1207400,1130300,1104600,1051000,1130900,1225200,1315100,1376900,1465900,1546100
604,76940,44010,Austinburg,OH,Ashtabula,Ashtabula County,14824,1699900,1648700,1562100,1573300,1466000,1482600,1558800,1550000,1509200,1569100,1642800,1745400
605,76974,44064,Montville,OH,Cleveland-Elyria,Geauga County,14828,1928700,1767100,1720000,1767800,1711400,1671100,1709900,1798500,1793700,1813700,1919100,1965300
606,76541,43136,Lithopolis,OH,Columbus,Fairfield County,14834,2262000,2231800,2132700,2091400,2025200,2021000,1968800,2073000,2205900,2308000,2484000,2767300
607,76663,43406,Bradner,OH,Toledo,Wood County,14858,0,0,0,0,0,0,0,407000,805600,834600,859800,899300
608,77598,45337,Laura,OH,Dayton,Miami County,14863,1244700,1208400,1166900,1153600,1165100,1212900,1206300,1200800,1216800,1189000,1310500,1434000
609,77366,44859,Nova,OH,Ashland,Ashland County,14872,1405500,1372200,1342400,1297100,1246900,1251400,1264500,1294500,1363000,1418900,1555400,1689700
610,77237,44620,Dellroy,OH,Canton-Massillon,Carroll County,14930,1316100,1280000,1256800,1313500,1243500,1232900,1254300,1358100,1346400,1341400,1436200,1543900
611,76500,43067,Raymond,OH,Columbus,Union County,15130,1138300,1165900,1151900,1175500,1152300,1173900,1182500,1173600,1244000,1430900,1490500,1696800
612,76699,43464,Vickery,OH,Fremont,Sandusky County,15148,706300,719600,854700,850400,830700,904400,1003700,991800,979200,1000300,1049500,1154700
613,77575,45312,Casstown,OH,Dayton,Miami County,15151,1654800,1582900,1507900,1489200,1500900,1550000,1586500,1573600,1623500,1721300,1851700,2082200
614,77894,45889,Van Buren,OH,Findlay,Hancock County,15217,1710500,1640000,1590200,1567600,1478900,1455200,1494500,1525000,1664800,1805900,1794200,1920000
615,76995,44093,Williamsfield,OH,Ashtabula,Ashtabula County,15219,859900,852200,843800,856000,818900,834200,884400,894200,858600,864900,875500,1018300
616,76736,43540,Metamora,OH,Toledo,Fulton County,15263,1344200,1277600,1247500,1219300,1160000,1162000,1184300,1218800,1259500,1358400,1473700,1515000
617,77886,45881,Rawson,OH,Findlay,Hancock County,15268,1130100,1112000,1075200,1050500,1011500,1007900,1024200,1055400,1170500,1287500,1217400,1419900
618,76674,43432,Graytown,OH,Port Clinton,Ottawa County,15271,1457600,1348400,1320000,1347400,1337200,1341300,1312100,1313900,1376500,1423400,1549600,1607800
619,77183,44449,North Benton,OH,Akron,Portage County,15310,0,0,0,0,0,0,0,1345500,1477900,1412500,1422700,1544300
620,77600,45339,Ludlow Falls,OH,Dayton,Miami County,15324,1507600,1463700,1430900,1404000,1352700,1391900,1387900,1407400,1439400,1432000,1591000,1763100
621,76693,43456,Put in Bay,OH,Port Clinton,Ottawa County,15363,2983700,2856300,2711000,2660800,2573800,2637500,2808200,2870800,2986900,3170800,3327600,3492700
622,76460,43013,Hartford,OH,Columbus,Licking County,15400,0,0,0,0,0,0,0,2915500,2693400,2370300,2257600,2519600
623,76686,43445,Martin,OH,Port Clinton,Ottawa County,15421,1376200,1281100,1207800,1202900,1171000,1190500,1250800,1240200,1245400,1316800,1377800,1502200
624,77588,45326,Fletcher,OH,Dayton,Miami County,15443,1103400,1059500,990000,948500,919400,925000,924000,904400,905600,894300,964800,1138400
625,76723,43525,Haskins,OH,Toledo,Wood County,15456,1520300,1461600,1449800,1505100,1531900,1562300,1624500,1662900,1675300,1767600,1917000,1829000
